Yeast_sp	Plant_genus	pval	Observed	Expected	Difference	BH_Padj
Candida coipomoensis	Taxus	0	2	0.0092	1.9908	0
Lachancea fermentati	Quercus	0	9	2.0276	6.9724	0
Metschnikowia pulcherrima sp. complex	Cercis	0	5	0.4596	4.5404	0
Nakazawaea anatomiae/populi sp. complex	Alnus	0	2	0.0125	1.9875	0
Schwanniomyces polymorphus	Pinus	0	4	0.2345	3.7655	0
Zygowilliopsis californica	Taraxacum	0	2	0.0075	1.9925	0
Kluyveromyces lactis	Quercus	1e-04	10	2.6305	7.3695	0.008225
Sydowia polyspora	Picea	1e-04	2	0.0198	1.9802	0.008225
Wickerhamomyces onychis	Festuca	2e-04	2	0.0177	1.9823	0.0146222222222222
Kwoniella betulae	Betula	3e-04	3	0.2404	2.7596	0.01974
Vanrija humicola	Amanita	5e-04	2	0.0325	1.9675	0.0299090909090909
Debaryomyces hansenii	Thuja	6e-04	3	0.1713	2.8287	0.0329
Teunomyces cretensis/kruisii complex	Amanita	7e-04	2	0.0388	1.9612	0.0348352941176471
Papiliotrema flavescens	Morus	8e-04	2	0.0552	1.9448	0.0348352941176471
Curvibasidium cygneicollum	Vaccinium	9e-04	3	0.2225	2.7775	0.0348352941176471
Kazachstania servazzii	Picea	9e-04	2	0.0522	1.9478	0.0348352941176471
Lachancea thermotolerans	Quercus	9e-04	11	4.1927	6.8073	0.0348352941176471
Lachancea kluyveri	Cercis	0.0013	3	0.2336	2.7664	0.0475222222222222
Hanseniaspora uvarum	Rubus	0.0014	5	0.8992	4.1008	0.0484842105263158
Teunomyces carpophila	Morus	0.0016	2	0.0579	1.9421	0.0501333333333333
Torulaspora delbrueckii	Acer	0.0016	17	8.0685	8.9315	0.0501333333333333
Candida boleticola	Fagus	0.0017	4	0.7013	3.2987	0.0508454545454545
Pichia kudriavzevii	Ginkgo	0.0018	2	0.0717	1.9283	0.051495652173913
Kodamaea meredithiae	Sequoiadendron	0.0019	1	0.0019	0.9981	0.0520916666666667
Saccharomyces uvarum	Cedrus	0.0023	1	0.0023	0.9977	0.0598181818181818
Torulaspora delbrueckii	Fagus	0.0024	20	10.5699	9.4301	0.0598181818181818
Suhomyces ambrosiae	Betula	0.0025	3	0.3216	2.6784	0.0598181818181818
Hanseniaspora vineae	Pyrus	0.0027	3	0.307	2.693	0.0598181818181818
Hanseniaspora uvarum	Ilex	0.0028	4	0.6156	3.3844	0.0598181818181818
Pichia kluyveri	Pyrus	0.0028	2	0.0905	1.9095	0.0598181818181818
Candida bombi	Trifolium	0.003	1	0.003	0.997	0.0598181818181818
Kluyveromyces dobzhanskii	Quercus	0.003	7	2.1962	4.8038	0.0598181818181818
Pichia membranifaciens	Malus	0.003	3	0.3148	2.6852	0.0598181818181818
Kuraishia molischiana	Gaultheria	0.0036	1	0.0036	0.9964	0.0674871794871795
Schwanniomyces vanrijiae	Juglans	0.0036	1	0.0036	0.9964	0.0674871794871795
Cryptococcus cuniculi	Abies	0.0038	1	0.0038	0.9962	0.0674871794871795
Geotrichum candidum	Sequoia	0.0038	1	0.0038	0.9962	0.0674871794871795
Mrakia curviuscula	Rosa	0.0039	1	0.0039	0.9961	0.0674871794871795
Kwoniella heveanensis	Rosa	0.004	1	0.004	0.996	0.0674871794871795
Lachancea sp.	Rosa	0.0043	1	0.0043	0.9957	0.0688604651162791
Lecythophora sp.	Tsuga	0.0044	2	0.0972	1.9028	0.0688604651162791
Cystofilobasidium capitatum	Amelanchier	0.0045	3	0.3853	2.6147	0.0688604651162791
Vishniacozyma dimennae	Lycopodium	0.0045	1	0.0045	0.9955	0.0688604651162791
Candida railenensis	Fagus	0.005	10	3.9821	6.0179	0.0729521739130435
Pichia kudriavzevii	Pyrus	0.005	2	0.1045	1.8955	0.0729521739130435
Cryptococcus aquaticus	Ailanthus	0.0051	1	0.0051	0.9949	0.0729521739130435
Nakazawaea sp.	Festuca	0.0053	1	0.0053	0.9947	0.0742
Schwanniomyces pseudopolymorphus	Thuja	0.0055	2	0.1319	1.8681	0.075012
Pichia fermentans	Pyrus	0.0056	2	0.1062	1.8938	0.075012
Schizosaccharomyces japonicus	Monotropa	0.0057	1	0.0057	0.9943	0.075012
Ogataea naganishii	Gleditsia	0.006	1	0.006	0.994	0.0769735849056604
Ogataea pini	Arctostaphylos	0.0061	1	0.0061	0.9939	0.0769735849056604
Leotiomycetes sp.	Populus	0.0062	2	0.1322	1.8678	0.0769735849056604
Rhodosporidium sp.	Arctostaphylos	0.0068	1	0.0068	0.9932	0.0828592592592593
Mrakia sp.	Acer	0.0075	13	6.4334	6.5666	0.0897272727272727
Starmerella bombicola	Rhus	0.0078	1	0.0079	0.9921	0.0911964912280702
Cystofilobasidium macerans	Amelanchier	0.0079	1	0.0079	0.9921	0.0911964912280702
Cyberlindnera veronae	Monotropa	0.0084	1	0.0085	0.9915	0.09212
Meyerozyma caribbica	Phytolacca	0.0084	1	0.0084	0.9916	0.09212
Scheffersomyces ergatensis	Fagus	0.0084	4	0.944	3.056	0.09212
Candida parapsilosis	Rhamnus	0.009	1	0.009	0.991	0.0955161290322581
Debaryomyces nepalensis	Rhamnus	0.009	1	0.009	0.991	0.0955161290322581
Metschnikowia reukaufii	Trifolium	0.0095	1	0.0095	0.9905	0.0968722222222222
Mrakia robertii	Equisetum	0.0095	1	0.0095	0.9905	0.0968722222222222
Cryptococcus pinus	Lycopodium	0.0097	1	0.0098	0.9902	0.0968722222222222
Scheffersomyces shehatae	Fagus	0.0101	3	0.5427	2.4573	0.0968722222222222
Kloeckera lindneri	Picea	0.0102	1	0.0102	0.9898	0.0968722222222222
Teunomyces carpophila	Platanus	0.0103	1	0.0104	0.9896	0.0968722222222222
Zygosaccharomyces florentinus	Acer	0.0103	2	0.2067	1.7933	0.0968722222222222
Cryptococcus filicatus	Ostrya	0.0105	1	0.0105	0.9895	0.0968722222222222
Cryptococcus pinus	Cornus	0.0105	1	0.0105	0.9895	0.0968722222222222
Papiliotrema flavescens	Malus	0.0106	2	0.1848	1.8152	0.0968722222222222
Cystofilobasidium infirmominatum	Taraxacum	0.0112	1	0.0112	0.9888	0.0995891891891892
Kazachstania kunashirensis	Cornus	0.0112	1	0.0112	0.9888	0.0995891891891892
Metschnikowia reukaufii	Syringa	0.0117	1	0.0118	0.9882	0.099889156626506
Lecythophora sp.	Tortula	0.0119	1	0.0119	0.9881	0.099889156626506
Candida argentea	Vaccinium	0.012	1	0.012	0.988	0.099889156626506
Barnettozyma californica	Quercus	0.0122	3	0.6236	2.3764	0.099889156626506
Cyberlindnera saturnus	Carya	0.0123	2	0.1671	1.8329	0.099889156626506
Candida sorboxylosa	Ginkgo	0.0125	1	0.0125	0.9875	0.099889156626506
Pichia sporocuriosa	Ginkgo	0.0125	1	0.0125	0.9875	0.099889156626506
Ogataea polymorpha	Rhododendron	0.0126	1	0.0126	0.9874	0.099889156626506
Saccharomyces eubayanus	Cedrus	0.0126	1	0.0126	0.9874	0.099889156626506
Teunomyces cretensis/kruisii complex	Tortula	0.0129	1	0.0129	0.9871	0.100943181818182
Hanseniaspora vineae	Ostrya	0.0132	2	0.1742	1.8258	0.100943181818182
Rhodosporidiobolus colostri	Claytonia	0.0132	1	0.0132	0.9868	0.100943181818182
Kwoniella heavenensis	Amelanchier	0.0135	1	0.0135	0.9865	0.100943181818182
Talaromyces amestolkiae	Tsuga	0.0135	1	0.0135	0.9865	0.100943181818182
Mrakiella cryoconiti	Arctostaphylos	0.0138	1	0.0138	0.9862	0.100968965517241
Candida pseudolambica	Rhus	0.0141	1	0.0141	0.9859	0.100968965517241
Cystofilobasidium infirmominatum	Tulipa	0.0142	1	0.0143	0.9857	0.100968965517241
Rhodotorula glutinis	Ilex	0.0147	1	0.0147	0.9853	0.100968965517241
Cryptococcus victoriae	Monotropa	0.015	1	0.015	0.985	0.100968965517241
Candida glabrata	Carya	0.0153	1	0.0153	0.9847	0.100968965517241
Kazachstania aerobia	Fraxinus	0.0153	1	0.0153	0.9847	0.100968965517241
Mrakia psychrophila	Ilex	0.0158	1	0.0158	0.9842	0.100968965517241
Kwoniella shandongensis	Ailanthus	0.0159	1	0.016	0.984	0.100968965517241
Saccharomyces cerevisiae	Sumac	0.0159	1	0.0159	0.9841	0.100968965517241
Hanseniaspora vineae	Ginkgo	0.016	2	0.2014	1.7986	0.100968965517241
Vanrija humicola	Artomyces	0.016	1	0.016	0.984	0.100968965517241
Scheffersomyces cyptocercus	Fagus	0.0162	2	0.2668	1.7332	0.100968965517241
Coniochaeta hoffmannii	Tsuga	0.0165	1	0.0165	0.9835	0.100968965517241
Cryptococcus victoriae	Trifolium	0.0165	1	0.0165	0.9835	0.100968965517241
Leucosporidium scottii	Gleditsia	0.0166	1	0.0167	0.9833	0.100968965517241
Cryptococcus musci	Tsuga	0.0167	1	0.0167	0.9833	0.100968965517241
Lachancea thermotolerans	Thuja	0.0167	3	0.5842	2.4158	0.100968965517241
Kluyveromyces marxianus	Acer	0.0169	3	0.6246	2.3754	0.100968965517241
Papiliotrema wisconsinensis	Equisetum	0.0172	1	0.0172	0.9828	0.100968965517241
Teunomyces carpophila	Ailanthus	0.0172	1	0.0172	0.9828	0.100968965517241
Hanseniaspora vineae	Rhododendron	0.0173	2	0.2175	1.7825	0.100968965517241
Mrakia blollopis	Rudbeckia	0.0174	1	0.0175	0.9825	0.100968965517241
Metschnikowia viticola	Betula	0.0176	2	0.2388	1.7612	0.100968965517241
Candida zeylanoides	Tsuga	0.0177	1	0.0177	0.9823	0.100968965517241
Torulaspora delbrueckii	Ulmus	0.0177	4	1.0844	2.9156	0.100968965517241
Cyberlindnera saturnus	Rudbeckia	0.0178	1	0.018	0.982	0.100968965517241
Mrakia gelida	Tsuga	0.0178	3	0.5719	2.4281	0.100968965517241
Cryptococcus surugaensis	Fagus	0.0181	2	0.2641	1.7359	0.101793162393162
Cryptococcus tahquamenonensis	Tsuga	0.0183	1	0.0183	0.9817	0.102045762711864
Candida savonica	Fagus	0.0189	2	0.2759	1.7241	0.103322314049587
Lachancea nothofagi	Taxus	0.0189	1	0.019	0.981	0.103322314049587
Hanseniaspora vineae	Salix	0.019	2	0.2262	1.7738	0.103322314049587
Metschnikowia reukaufii	Arctostaphylos	0.0194	1	0.0194	0.9806	0.104317073170732
Candida boidinii	Thuja	0.0195	1	0.0195	0.9805	0.104317073170732
Lachancea waltii	Ostrya	0.0197	1	0.0197	0.9803	0.104537096774194
Candida albicans	Arctostaphylos	0.0204	1	0.0207	0.9793	0.106606201550388
Papiliotrema wisconsinensis	Ostrya	0.0207	1	0.0209	0.9791	0.106606201550388
Candida mycetangii	Pinus	0.0208	2	0.2377	1.7623	0.106606201550388
Candida mycetangii	Fagus	0.0209	3	0.6733	2.3267	0.106606201550388
Lachancea thermotolerans/quebecensis	Ostrya	0.0209	1	0.0209	0.9791	0.106606201550388
Rhodotorula sp.	Rubus	0.022	1	0.022	0.978	0.111353846153846
Torulaspora microellipsoides	Quercus	0.0225	2	0.3053	1.6947	0.113015267175573
Tremella moriformis	Thuja	0.0229	1	0.0229	0.9771	0.113779166666667
Mrakiella aquatica	Amelanchier	0.0232	1	0.0235	0.9765	0.113779166666667
Dothiora oleae	Rubus	0.0239	1	0.0239	0.9761	0.113779166666667
Suhomyces bolitotheri	Fagus	0.0239	4	1.2252	2.7748	0.113779166666667
Kwoniella heavenensis	Prunus	0.024	1	0.024	0.976	0.113779166666667
Trichosporon porosum	Quercus	0.0243	4	1.2541	2.7459	0.113779166666667
Leucosporidium scottii	Pseudotsuga	0.0244	1	0.0244	0.9756	0.113779166666667
Mrakia blollopis	Artomyces	0.0244	1	0.0246	0.9754	0.113779166666667
Naganishia friedmannii	Rubus	0.0244	1	0.0244	0.9756	0.113779166666667
Candida pseudoglaebosa	Vaccinium	0.0245	1	0.0247	0.9753	0.113779166666667
Rhodosporidiobolus colostri	Tulipa	0.0246	1	0.0247	0.9753	0.113779166666667
Pichia sp.	Rhododendron	0.0248	1	0.025	0.975	0.113779166666667
Schwanniomyces vanrijiae	Morus	0.0249	1	0.025	0.975	0.113779166666667
Cryptococcus saitoi	Rubus	0.0256	1	0.0256	0.9744	0.116171034482759
Schwanniomyces pseudopolymorphus	Pinus	0.0258	2	0.2767	1.7233	0.116276712328767
Pichia occidentalis	Populus	0.0261	1	0.0261	0.9739	0.116828571428571
Sporidiobolales sp.	Populus	0.0267	1	0.0267	0.9733	0.118706756756757
Cystofilobasidium sp.	Populus	0.0274	1	0.0274	0.9726	0.119367948717949
Mrakia aquatica	Rubus	0.0277	1	0.0277	0.9723	0.119367948717949
Schwanniomyces pseudopolymorphus	Taxus	0.0279	1	0.0281	0.9719	0.119367948717949
Cyberlindnera japonica	Populus	0.028	1	0.028	0.972	0.119367948717949
Candida tropicalis	Salix	0.0281	1	0.0283	0.9717	0.119367948717949
Candida xestobii	Salix	0.0281	1	0.0282	0.9718	0.119367948717949
Saccharomyces eubayanus	Acer	0.0282	3	0.7336	2.2664	0.119367948717949
Aureobasidium pullulans	Rubus	0.0283	2	0.2554	1.7446	0.119367948717949
Lecythophora sp.	Alnus	0.0297	1	0.0298	0.9702	0.123834782608696
Kluyveromyces lactis	Carya	0.0299	2	0.2823	1.7177	0.123834782608696
Cystofilobasidium capitatum	Salix	0.0301	3	0.6927	2.3073	0.123834782608696
Kazachstania martiniae	Rhododendron	0.0302	2	0.2757	1.7243	0.123834782608696
Kazachstania serrabonitensis	Juniperus	0.0303	1	0.0307	0.9693	0.123834782608696
Mrakia sp.	Fagus	0.0313	14	8.4423	5.5577	0.127132098765432
Curvibasidium cygneicollum	Claytonia	0.0315	1	0.0316	0.9684	0.127159509202454
Saccharomyces paradoxus	Ostrya	0.0323	2	0.3014	1.6986	0.129593902439024
Hanseniaspora sp.	Picea	0.0325	1	0.0329	0.9671	0.129606060606061
Suhomyces bolitotheri	Betula	0.0333	3	0.7401	2.2599	0.131996385542169
Pichia terricola	Ilex	0.0348	1	0.035	0.965	0.137116167664671
Geotrichum candidum	Rhamnus	0.0353	1	0.0356	0.9644	0.137405882352941
Metschnikowia pulcherrima sp. complex	Myrica	0.0354	1	0.0354	0.9646	0.137405882352941
Lachancea fermentati	Oxydendrum	0.0355	1	0.0363	0.9637	0.137405882352941
Debaryomyces hansenii	Abies	0.0373	1	0.0379	0.9621	0.14352865497076
Cryptococcus pinus	Vaccinium	0.0387	1	0.0393	0.9607	0.14805
Kwoniella shandongensis	Prunus	0.0392	1	0.0393	0.9607	0.14805
Saccharomyces cerevisiae	Oxydendrum	0.0397	1	0.0401	0.9599	0.14805
Cryptococcus victoriae	Equisetum	0.0399	1	0.0405	0.9595	0.14805
Saccharomyces cerevisiae	Hosta	0.0405	1	0.0411	0.9589	0.14805
Kazachstania martiniae	Juglans	0.0407	1	0.041	0.959	0.14805
Lachancea nothofagi	Picea	0.0407	1	0.0413	0.9587	0.14805
Tausonia pullulans	Arctostaphylos	0.0409	1	0.0412	0.9588	0.14805
Cystofilobasidium capitatum	Fraxinus	0.0413	3	0.7863	2.2137	0.14805
Candida albicans	Vaccinium	0.0415	1	0.042	0.958	0.14805
Nakazawaea holstii	Pseudotsuga	0.0428	1	0.0432	0.9568	0.14805
Candida sake	Zea	0.0437	1	0.0441	0.9559	0.14805
Lachancea quebecensis	Fraxinus	0.0442	1	0.0452	0.9548	0.14805
Pichia kluyveri	Rhamnus	0.0442	1	0.0446	0.9554	0.14805
Candida nitratophila	Pinus	0.0443	1	0.0443	0.9557	0.14805
Ogataea sp.	Malus	0.0444	1	0.0444	0.9556	0.14805
Curvibasidium cygneicollum	Betula	0.0446	4	1.3814	2.6186	0.14805
Krasilnikovozyma huempii	Malus	0.0448	1	0.0448	0.9552	0.14805
Kuraishia capsulata	Pinus	0.0448	1	0.0448	0.9552	0.14805
Pichia cecembensis	Malus	0.0449	1	0.0449	0.9551	0.14805
Trichosporon porosum	Festuca	0.0449	1	0.0454	0.9546	0.14805
Saccharomycopsis sp.	Pinus	0.0452	1	0.0452	0.9548	0.14805
Zygoascus meyerae/hellenicus	Pinus	0.0453	1	0.0453	0.9547	0.14805
Groenewaldozyma salmanticensis	Malus	0.0454	1	0.0454	0.9546	0.14805
Oberwinklerozyma straminea	Malus	0.0454	1	0.0454	0.9546	0.14805
Rhodotorula kratochvilovae	Malus	0.0455	1	0.0455	0.9545	0.14805
Cyberlindnera misumaiensis	Malus	0.0457	1	0.0457	0.9543	0.14805
Lachancea thermotolerans	Rhododendron	0.0462	2	0.3603	1.6397	0.14805
Sugiyamaella chiloensis	Pinus	0.0462	1	0.0462	0.9538	0.14805
Solicoccozyma aeria	Pinus	0.0463	1	0.0463	0.9537	0.14805
Trichosporon moniliiforme	Pinus	0.0463	1	0.0463	0.9537	0.14805
Lachancea fermentati	Liriodendron	0.0464	1	0.0471	0.9529	0.14805
Candida inconspicua	Malus	0.0469	1	0.0469	0.9531	0.14805
Geotrichum candidum	Prunus	0.047	1	0.0476	0.9524	0.14805
Metschnikowia viticola	Tsuga	0.047	1	0.0474	0.9526	0.14805
Hanseniaspora valbyensis	Pinus	0.0472	1	0.0472	0.9528	0.14805
Pichia manshurica	Rubus	0.0473	1	0.0476	0.9524	0.14805
Nakazawaea molendini-olei	Carya	0.0474	1	0.0484	0.9516	0.14805
Saccharomyces cerevisiae	Rubus	0.0475	2	0.3637	1.6363	0.14805
Cystofilobasidium	Malus	0.0476	1	0.0476	0.9524	0.14805
Mrakia frigida	Cercis	0.0477	1	0.0484	0.9516	0.14805
Cryptococcus podzolicus	Pinus	0.0485	1	0.0485	0.9515	0.14835462962963
Rhodotorula nothofagi	Rhus	0.0486	1	0.0498	0.9502	0.14835462962963
Starmerella bombicola	Rubus	0.0486	1	0.0491	0.9509	0.14835462962963
Rhodotorula mucilaginosa	Tsuga	0.0487	1	0.0497	0.9503	0.14835462962963
Aureobasidium pullulans	Rosa	0.0494	1	0.0502	0.9498	0.149793548387097
Candida pseudorhagii	Pinus	0.0501	1	0.0501	0.9499	0.151219266055046
Kluyveromyces dobzhanskii	Acer	0.0509	4	1.4634	2.5366	0.151575
Candida friedrichii	Pinus	0.0511	1	0.0511	0.9489	0.151575
Saccharomyces paradoxus	Diospryos	0.0512	1	0.052	0.948	0.151575
Cryptococcus gastricus	Quercus	0.0514	3	0.9237	2.0763	0.151575
Suhomyces ambrosiae	Prunus	0.0514	1	0.052	0.948	0.151575
Leucosporidium drummii	Pinus	0.0516	1	0.0516	0.9484	0.151575
Candida derodonti	Pinus	0.052	1	0.052	0.948	0.151980530973451
Piskurozyma taiwanensis	Populus	0.0522	1	0.0528	0.9472	0.151980530973451
Leotiomycetes sp.	Betula	0.0525	2	0.4035	1.5965	0.152180616740088
Candida norvegica	Fagus	0.0531	2	0.4161	1.5839	0.153244736842105
Saccharomyces eubayanus	Juniperus	0.0535	1	0.0543	0.9457	0.153724890829694
Kazachstania martiniae	Platanus	0.0543	1	0.0553	0.9447	0.154672727272727
Mrakia sp.	Betula	0.0543	9	5.0103	3.9897	0.154672727272727
Mrakia frigida	Ulmus	0.0552	1	0.0557	0.9443	0.155577966101695
Saccharomyces cerevisiae	Liriodendron	0.0552	1	0.0569	0.9431	0.155577966101695
Rhodotorula fujisanensis	Betula	0.0554	2	0.4052	1.5948	0.155577966101695
Mrakiella cryoconiti	Populus	0.0556	1	0.0563	0.9437	0.155577966101695
Mrakia blollopis	Amanita	0.0558	1	0.0569	0.9431	0.155577966101695
Cryptococcus flavescens	Malus	0.0563	2	0.4003	1.5997	0.15630970464135
Cyberlindnera saturnus	Quercus	0.057	4	1.5605	2.4395	0.157324279835391
Hanseniaspora osmophila	Picea	0.0572	1	0.0581	0.9419	0.157324279835391
Hanseniaspora sp.	Pyrus	0.0576	1	0.0585	0.9415	0.157324279835391
Candida railenensis	Gaultheria	0.0579	1	0.0586	0.9414	0.157324279835391
Curvibasidium cygneicollum	Tulipa	0.0579	1	0.0594	0.9406	0.157324279835391
Mrakia sp.	Fraxinus	0.0581	3	0.9337	2.0663	0.157324279835391
Pichia kluyveri	Ginkgo	0.0587	1	0.06	0.94	0.158080487804878
Zygowilliopsis californica	Thuja	0.059	1	0.0605	0.9395	0.158080487804878
Mrakia gelida	Symphoricarpos	0.0591	1	0.0599	0.9401	0.158080487804878
Lachancea kluyveri	Acer	0.0599	5	2.1899	2.8101	0.159193548387097
Kazachstania martiniae	Oxydendrum	0.06	1	0.0604	0.9396	0.159193548387097
Curvibasidium cygneicollum	Rhus	0.0616	1	0.0628	0.9372	0.162782329317269
Meyerozyma caribbica	Acer	0.062	3	0.9461	2.0539	0.163184
Rhodotorula mucilaginosa	Thuja	0.0646	1	0.0656	0.9344	0.169349800796813
Teunomyces cretensis/kruisii complex	Rhamnus	0.065	1	0.0666	0.9334	0.169722222222222
Lachancea nothofagi	Tsuga	0.0655	1	0.0678	0.9322	0.170351778656126
Rhodotorula fujisanensis	Salix	0.0663	1	0.0681	0.9319	0.171753543307087
Candida railenensis	Morus	0.0681	2	0.431	1.569	0.1752953125
Candida sake	Hosta	0.0682	1	0.0703	0.9297	0.1752953125
Hanseniaspora uvarum	Prunus	0.0687	2	0.4462	1.5538	0.175466666666667
Kazachstania serrabonitensis	Carya	0.0688	1	0.0711	0.9289	0.175466666666667
Nakazawaea holstii	Fagus	0.07	4	1.6402	2.3598	0.177837837837838
Pichia kudriavzevii	Prunus	0.0706	1	0.0732	0.9268	0.178672307692308
Torulaspora delbrueckii	Uknown	0.0722	1	0.0722	0.9278	0.181508679245283
Cryptococcus flavescens	Equisetum	0.0726	1	0.0754	0.9246	0.181508679245283
Hanseniaspora uvarum	Diospryos	0.0728	1	0.074	0.926	0.181508679245283
Candida santamariae	Vaccinium	0.073	1	0.0751	0.9249	0.181508679245283
Hanseniaspora uvarum	Ginkgo	0.0731	2	0.4589	1.5411	0.181508679245283
Kwoniella shandongensis	Rubus	0.074	1	0.0765	0.9235	0.183052631578947
Kazachstania martiniae	Liriodendron	0.0746	1	0.0769	0.9231	0.183650746268657
Pichia fermentans	Ginkgo	0.0748	1	0.0777	0.9223	0.183650746268657
Kluyveromyces marxianus	Rhododendron	0.0755	1	0.0774	0.9226	0.18468029739777
Rhodotorula nothofagi	Betula	0.0764	3	1.0361	1.9639	0.185997833935018
Leucosporidium scottii	Vaccinium	0.0769	1	0.0791	0.9209	0.185997833935018
Suhomyces anneliseae	Betula	0.0772	1	0.0772	0.9228	0.185997833935018
Curvibasidium cygneicollum	Rosa	0.0779	1	0.0799	0.9201	0.185997833935018
Rhodosporidiobolus colostri	Vaccinium	0.0781	1	0.0812	0.9188	0.185997833935018
Hanseniaspora osmophila	Salix	0.0782	1	0.081	0.919	0.185997833935018
Candida germanica	Populus	0.0783	1	0.0803	0.9197	0.185997833935018
Phaeoacremonium rubrigenum	Betula	0.0783	1	0.0783	0.9217	0.185997833935018
Candida railenensis	Gleditsia	0.0786	1	0.0811	0.9189	0.186038848920863
Pichia fermentans	Betula	0.0789	2	0.4808	1.5192	0.186079569892473
Hanseniaspora uvarum	Rhododendron	0.0792	2	0.4824	1.5176	0.18612
Kazachstania kunashirensis	Populus	0.0798	1	0.0819	0.9181	0.186779649122807
Hypocrea lixii	Betula	0.0805	1	0.0805	0.9195	0.186779649122807
Curvibasidium cygneicollum	Ailanthus	0.0806	1	0.0832	0.9168	0.186779649122807
Kwoniella newhampshirensis	Betula	0.0807	1	0.0807	0.9193	0.186779649122807
Cryptococcus flavescens	Rhamnus	0.0809	1	0.084	0.916	0.186779649122807
Saccharomyces paradoxus	Hosta	0.0812	1	0.0835	0.9165	0.186816783216783
Nakazawaea anatomiae/populi sp. complex	Populus	0.0818	1	0.0841	0.9159	0.187541463414634
Teunomyces cretensis/kruisii complex	Ginkgo	0.0828	1	0.0862	0.9138	0.189175
Kuraishia molischiana	Malus	0.085	1	0.0882	0.9118	0.193529411764706
Aureobasidium pullulans	Malus	0.086	2	0.5041	1.4959	0.195131034482759
Candida pseudoglaebosa	Malus	0.0865	1	0.0878	0.9122	0.195146575342466
Candida sake	Syringa	0.0866	1	0.0888	0.9112	0.195146575342466
Cryptococcus victoriae	Pyrus	0.0877	1	0.0909	0.9091	0.196950853242321
Pichia manshurica	Malus	0.0883	1	0.0896	0.9104	0.197177702702703
Nakazawaea holstii	Juniperus	0.0886	1	0.0926	0.9074	0.197177702702703
Pichia terricola	Malus	0.0887	1	0.0907	0.9093	0.197177702702703
Lachancea waltii	Pinus	0.0897	1	0.0917	0.9083	0.198729292929293
Mrakia gelida	Tilia	0.0905	1	0.0937	0.9063	0.199820735785953
Candida sake	Cornus	0.0908	1	0.0938	0.9062	0.199820735785953
Metschnikowia pulcherrima sp. complex	Quercus	0.0917	10	6.4011	3.5989	0.200874587458746
Schwanniomyces pseudopolymorphus	Tsuga	0.0924	1	0.0963	0.9037	0.200874587458746
Cyberlindnera fabianii	Pinus	0.0925	1	0.0946	0.9054	0.200874587458746
Mrakia gelida	Platanus	0.0925	1	0.0947	0.9053	0.200874587458746
Mrakia blollopis	Rhamnus	0.0929	1	0.096	0.904	0.201079605263158
Cystofilobasidium capitatum	Symphoricarpos	0.0947	1	0.0985	0.9015	0.204303606557377
Lachancea fermentati	Juniperus	0.0959	1	0.0996	0.9004	0.205066019417476
Suhomyces tanzawaensis	Pinus	0.096	1	0.0988	0.9012	0.205066019417476
Wickerhamomyces anomalus	Prunus	0.0962	1	0.0995	0.9005	0.205066019417476
Yamadazyma mexicana	Fagus	0.0963	2	0.5595	1.4405	0.205066019417476
Candida sake	Thuja	0.0976	2	0.5358	1.4642	0.207163870967742
Cryptococcus sp.	Ulmus	0.0985	1	0.1036	0.8964	0.207733974358974
Suhomyces xylopsoci/prunicola/pyralidae	Pinus	0.0985	1	0.1006	0.8994	0.207733974358974
Mrakia blollopis	Picea	0.0989	1	0.1024	0.8976	0.207911182108626
Saturnispora zaruensis	Acer	0.0995	1	0.0995	0.9005	0.208506369426752
Wickerhamomyces anomalus	Rhododendron	0.0999	1	0.1037	0.8963	0.20868
Cryptococcus carnescens	Acer	0.1007	1	0.1007	0.8993	0.208987421383648
Holtermanniella takashimae	Acer	0.1008	1	0.1008	0.8992	0.208987421383648
Vanrija humicola	Carya	0.101	1	0.1047	0.8953	0.208987421383648
Lachancea thermotolerans	Liriodendron	0.1016	1	0.1063	0.8937	0.209569905956113
Lachancea thermotolerans	Lycopodium	0.1025	1	0.1074	0.8926	0.210519003115265
Nakazawaea holstii	Pinus	0.1027	2	0.5606	1.4394	0.210519003115265
Mrakia frigida	Populus	0.1033	1	0.1063	0.8937	0.210600617283951
Cryptococcus sp.	Vaccinium	0.1037	1	0.1072	0.8928	0.210600617283951
Cystofilobasidium mecerans	Acer	0.1037	1	0.1037	0.8963	0.210600617283951
Saturnispora dispora	Acer	0.1044	1	0.1044	0.8956	0.211125153374233
Candida railenensis	Lycopodium	0.1046	1	0.1088	0.8912	0.211125153374233
Mrakia gelida	Carya	0.1054	2	0.5604	1.4396	0.212044512195122
Candida railenensis	Pseudotsuga	0.1057	1	0.1103	0.8897	0.212044512195122
Ogataea zsoltii	Acer	0.1091	1	0.1091	0.8909	0.21813696969697
Cystofilobasidium capitatum	Cercis	0.1094	2	0.5802	1.4198	0.21813696969697
Meyerozyma caribbica	Salix	0.1099	1	0.1156	0.8844	0.218471903323263
Rhodotorula fujisanensis	Rubus	0.1104	1	0.1175	0.8825	0.218804819277108
Cryptococcus victoriae	Rubus	0.1124	1	0.1186	0.8814	0.2220996996997
Rhodotorula nothofagi	Rhamnus	0.1156	1	0.1215	0.8785	0.227738922155689
Wickerhamomyces anomalus	Morus	0.116	1	0.122	0.878	0.227844776119403
Candida sake	Abies	0.1164	1	0.1213	0.8787	0.22795
Cryptococcus gastricus	Acer	0.1183	2	0.6235	1.3765	0.230983382789318
Pichia membranifaciens	Ilex	0.1188	1	0.1237	0.8763	0.231273372781065
Pichia membranifaciens	Pyrus	0.1198	1	0.1258	0.8742	0.23253215339233
Meyerozyma caribbica	Ulmus	0.1206	1	0.1275	0.8725	0.232801169590643
Mrakia gelida	Syringa	0.1207	1	0.1267	0.8733	0.232801169590643
Candida sp.	Carya	0.121	1	0.1263	0.8737	0.232801169590643
Cryptococcus sp.	Fraxinus	0.1237	1	0.1308	0.8692	0.236689275362319
Candida santamariae	Thuja	0.1241	1	0.1309	0.8691	0.236689275362319
Metschnikowia pulcherrima sp. complex	Fraxinus	0.1241	2	0.617	1.383	0.236689275362319
Tausonia pullulans	Acer	0.1251	2	0.6353	1.3647	0.237632
Candida germanica	Malus	0.1257	1	0.1306	0.8694	0.237632
Tausonia pullulans	Thuja	0.1262	1	0.1336	0.8664	0.237632
Cryptococcus sp.	Tsuga	0.1264	1	0.1327	0.8673	0.237632
Wickerhamomyces anomalus	Ilex	0.1264	1	0.1337	0.8663	0.237632
Meyerozyma caribbica	Fraxinus	0.1288	1	0.1365	0.8635	0.241454131054131
Cryptococcus sp.	Ilex	0.1292	1	0.1356	0.8644	0.241515909090909
Suhomyces atakaporum	Fagus	0.1297	1	0.1297	0.8703	0.241763739376771
Curvibasidium cygneicollum	Equisetum	0.1314	1	0.1392	0.8608	0.243165921787709
Hanseniaspora sp.	Malus	0.1316	1	0.1383	0.8617	0.243165921787709
Aureobasidium pullulans	Rhododendron	0.1319	1	0.1384	0.8616	0.243165921787709
Cyberlindnera culbertsonii	Fagus	0.1323	1	0.1323	0.8677	0.243165921787709
Wickerhamomyces anomalus	Betula	0.1323	2	0.6497	1.3503	0.243165921787709
Candida sake	Festuca	0.1331	1	0.1428	0.8572	0.243954874651811
Nakazawaea molendini-olei	Malus	0.1347	1	0.1413	0.8587	0.24606648199446
Lachancea lanzarotensis	Fagus	0.135	1	0.135	0.865	0.24606648199446
Sugiyamaella novakii	Fagus	0.1356	1	0.1356	0.8644	0.246477348066298
Pichia kudriavzevii	Rubus	0.1379	1	0.1448	0.8552	0.248359239130435
Lachancea quebecensis	Pinus	0.1381	1	0.1442	0.8558	0.248359239130435
Torulaspora delbrueckii	Zea	0.1381	1	0.1424	0.8576	0.248359239130435
Scheffersomyces stipitis	Fagus	0.1388	1	0.1388	0.8612	0.248359239130435
Ambrosiozyma oregonensis	Fagus	0.1389	1	0.1389	0.8611	0.248359239130435
Hanseniaspora uvarum	Pyrus	0.1389	2	0.668	1.332	0.248359239130435
Sugiyamaella paludigena	Fagus	0.1395	1	0.1395	0.8605	0.248756097560976
Cystofilobasidium capitatum	Tilia	0.1419	1	0.1484	0.8516	0.252351891891892
Cryptococcus flavescens	Ilex	0.143	1	0.1542	0.8458	0.253294623655914
Blastobotrys buckinghamii	Fagus	0.1432	1	0.1432	0.8568	0.253294623655914
Candida montana	Fagus	0.145	1	0.145	0.855	0.255790884718499
Mrakia gelida	Alnus	0.1463	1	0.1549	0.8451	0.257394117647059
Leucosporidium scottii	Populus	0.1472	1	0.1582	0.8418	0.258286933333333
Kazachstania martiniae	Juniperus	0.1507	1	0.1611	0.8389	0.263025925925926
Suhomyces bolitotheri	Pyrus	0.1509	1	0.1598	0.8402	0.263025925925926
Rhodotorula nothofagii	Quercus	0.1511	1	0.1511	0.8489	0.263025925925926
Suhomyces tanzawaensis	Betula	0.1517	1	0.1586	0.8414	0.263373614775726
Pichia pastoris	Quercus	0.1525	1	0.1525	0.8475	0.263544502617801
Trichosporon xylopini	Quercus	0.1529	1	0.1529	0.8471	0.263544502617801
Fibulobasidium inconspicuum	Quercus	0.153	1	0.153	0.847	0.263544502617801
Candida tropicalis	Betula	0.1545	1	0.1621	0.8379	0.264052331606218
Thelebolus sp.	Quercus	0.1546	1	0.1546	0.8454	0.264052331606218
Saccharomyces paradoxus	Quercus	0.1547	7	4.5204	2.4796	0.264052331606218
Sugiyamaella lignohabitans	Quercus	0.1549	1	0.1549	0.8451	0.264052331606218
Candida subhashii	Quercus	0.1554	1	0.1554	0.8446	0.26422015503876
Vanrija albida	Quercus	0.1563	1	0.1563	0.8437	0.265065463917526
Candida silvanorum	Quercus	0.1576	1	0.1576	0.8424	0.266583033419023
Cryptococcus pseudolongus	Quercus	0.1586	1	0.1586	0.8414	0.267575447570333
Pichia scaptomyzae	Quercus	0.159	1	0.159	0.841	0.267575447570333
Diozsegia sp.	Quercus	0.1597	1	0.1597	0.8403	0.268055470737913
Rhodotorula nothofagi	Vaccinium	0.1601	1	0.1738	0.8262	0.268055470737913
Kluyveromyces marxianus	Populus	0.1621	1	0.1738	0.8262	0.270715228426396
Cryptococcus flavescens	Betula	0.1628	2	0.7308	1.2692	0.271195949367089
Mrakia sp.	Artomyces	0.1633	1	0.1735	0.8265	0.271341919191919
Geotrichum candidum	Malus	0.164	1	0.176	0.824	0.271818639798489
Mrakia sp.	Tilia	0.1649	1	0.1755	0.8245	0.272083
Cystofilobasidium capitatum	Ulmus	0.165	2	0.7283	1.2717	0.272083
Saccharomyces cerevisiae	Prunus	0.1654	1	0.1797	0.8203	0.272083
Hanseniaspora uvarum	Betula	0.1685	5	2.9819	2.0181	0.275967164179104
Aureobasidium pullulans	Carya	0.1686	1	0.1841	0.8159	0.275967164179104
Metschnikowia pulcherrima sp. complex	Taxus	0.1708	1	0.1826	0.8174	0.278874441687345
Rhodotorula nothofagi	Ulmus	0.1713	1	0.185	0.815	0.278998514851485
Lachancea nothofagi	Pinus	0.1736	1	0.1853	0.8147	0.282046419753086
Cystofilobasidium capitatum	Cornus	0.1763	1	0.1882	0.8118	0.285727586206897
Kazachstania servazzii	Quercus	0.1769	2	0.7759	1.2241	0.285995577395577
Nakazawaea holstii	Ilex	0.1787	1	0.1967	0.8033	0.288197549019608
Cystofilobasidium capitatum	Tulipa	0.1801	1	0.1931	0.8069	0.289359512195122
Cystofilobasidium capitatum	Syringa	0.1803	1	0.1941	0.8059	0.289359512195122
Cystofilobasidium capitatum	Pseudotsuga	0.1811	1	0.1947	0.8053	0.289936253041363
Yamadazyma mexicana	Pinus	0.1816	1	0.1935	0.8065	0.290031067961165
Saccharomyces cerevisiae	Rhododendron	0.1833	1	0.2002	0.7998	0.292037288135593
Hanseniaspora vineae	Pinus	0.187	2	0.7935	1.2065	0.297212560386473
Ogataea naganishii	Acer	0.1878	1	0.1988	0.8012	0.297681730769231
Lachancea thermotolerans	Amelanchier	0.1882	1	0.2051	0.7949	0.297681730769231
Saccharomyces paradoxus	Betula	0.1914	4	2.3116	1.6884	0.30201726618705
Wickerhamomyces hampshirensis	Acer	0.1941	1	0.2051	0.7949	0.305544976076555
Suhomyces xylopsoci/prunicola/pyralidae	Acer	0.195	1	0.2056	0.7944	0.306229116945107
Candida xestobii	Acer	0.1965	1	0.2077	0.7923	0.307066666666667
Saccharomyces cerevisiae	Quercus	0.1965	4	2.3461	1.6539	0.307066666666667
Candida sake	Equisetum	0.1974	1	0.2155	0.7845	0.307066666666667
Wickerhamomyces anomalus	Populus	0.1974	1	0.2169	0.7831	0.307066666666667
Trichosporon porosum	Populus	0.198	1	0.2161	0.7839	0.30727358490566
Candida railenensis	Betula	0.1989	4	2.3324	1.6676	0.307944
Suhomyces bolitotheri	Rubus	0.2001	1	0.2191	0.7809	0.309074647887324
Saccharomyces cerevisiae	Morus	0.2015	1	0.2218	0.7782	0.310508196721311
Debaryomyces hansenii	Populus	0.2023	1	0.2213	0.7787	0.31101261682243
Cryptococcus wisconsinensis	Acer	0.2042	1	0.2167	0.7833	0.313201864801865
Rhodotorula nothofagi	Carya	0.205	1	0.2249	0.7751	0.313697674418605
Cryptococcus flavescens	Rubus	0.2061	1	0.2252	0.7748	0.314649187935035
Kazachstania servazzii	Malus	0.2068	1	0.2251	0.7749	0.314987037037037
Leotiomycetes sp.	Malus	0.2075	1	0.2281	0.7719	0.315323325635104
Kluyveromyces lactis	Salix	0.209	1	0.2283	0.7717	0.316870967741935
Lachancea thermotolerans	Equisetum	0.2102	1	0.2313	0.7687	0.317957701149425
Metschnikowia pulcherrima sp. complex	Festuca	0.2136	1	0.2348	0.7652	0.322359633027523
Cystofilobasidium capitatum	Alnus	0.2171	1	0.2385	0.7615	0.326158636363636
Cyberlindnera veronae	Betula	0.2172	1	0.2355	0.7645	0.326158636363636
Aureobasidium pullulans	Thuja	0.218	1	0.2428	0.7572	0.326158636363636
Kazachstania kunashirensis	Betula	0.2181	1	0.2379	0.7621	0.326158636363636
Cystofilobasidium capitatum	Abies	0.2198	1	0.2434	0.7566	0.32751467268623
Saccharomyces cerevisiae	Carya	0.2202	1	0.2456	0.7544	0.32751467268623
Mrakia gelida	Juniperus	0.2205	1	0.2427	0.7573	0.32751467268623
Cryptococcus flavescens	Populus	0.2234	1	0.2484	0.7516	0.331074774774775
Mrakia sp.	Populus	0.23	3	1.6819	1.3181	0.339917488789238
Mrakia gelida	Amelanchier	0.2304	1	0.2563	0.7437	0.339917488789238
Kazachstania martiniae	Prunus	0.2312	1	0.2574	0.7426	0.340334675615213
Torulaspora delbrueckii	Ginkgo	0.2323	2	0.9247	1.0753	0.341190625
Cryptococcus gastricus	Malus	0.2346	1	0.2625	0.7375	0.343801336302895
Mrakia gelida	Quercus	0.2356	7	5.1192	1.8808	0.344499555555556
Leucosporidium scottii	Malus	0.2369	1	0.2656	0.7344	0.345632372505543
Candida santamariae	Quercus	0.2375	2	0.9288	1.0712	0.345704194260486
Torulaspora delbrueckii	Prunus	0.238	2	0.9289	1.0711	0.345704194260486
Lachancea kluyveri	Betula	0.2392	3	1.6963	1.3037	0.346681938325991
Lecythophora sp.	Quercus	0.2403	2	0.939	1.061	0.346709846827133
Lachancea kluyveri	Salix	0.2404	1	0.2729	0.7271	0.346709846827133
Hanseniaspora osmophila	Malus	0.2408	1	0.2688	0.7312	0.346709846827133
Lachancea kluyveri	Malus	0.2414	2	0.9375	1.0625	0.346814847161572
Rhodosporidiobolus colostri	Quercus	0.2422	2	0.9329	1.0671	0.347127114967462
Vanrija humicola	Quercus	0.2427	2	0.9462	1.0538	0.347127114967462
Metschnikowia pulcherrima sp. complex	Arctostaphylos	0.2432	1	0.2696	0.7304	0.347127114967462
Pichia fermentans	Malus	0.2438	1	0.2727	0.7273	0.347230303030303
Candida sp.	Fagus	0.2458	2	0.9578	1.0422	0.349322678185745
Lachancea thermotolerans	Ostrya	0.2469	1	0.2813	0.7187	0.35012974137931
Hanseniaspora vineae	Ilex	0.25	1	0.2862	0.7138	0.352339316239316
Kluyveromyces marxianus	Pinus	0.2501	1	0.2777	0.7223	0.352339316239316
Cryptococcus wisconsinensis	Fagus	0.2504	1	0.2679	0.7321	0.352339316239316
Cyberlindnera fabianii	Fagus	0.2506	1	0.2689	0.7311	0.352339316239316
Candida sake	Fagus	0.2517	5	3.4423	1.5577	0.353131343283582
Hanseniaspora osmophila	Pinus	0.2523	1	0.281	0.719	0.35322
Wickerhamomyces hampshirensis	Fagus	0.2532	1	0.2747	0.7253	0.353727388535032
Mrakia sp.	Abies	0.2591	1	0.2913	0.7087	0.361202966101695
Kodamaea meredithiae	Fagus	0.2606	1	0.2799	0.7201	0.362177637130802
Rhodotorula nothofagi	Fagus	0.2609	3	1.7968	1.2032	0.362177637130802
Mrakia sp.	Ailanthus	0.2615	1	0.2928	0.7072	0.362246315789474
Kazachstania martiniae	Pinus	0.2626	2	0.9916	1.0084	0.363005882352941
Aureobasidium pullulans	Populus	0.2656	1	0.3008	0.6992	0.36638322851153
Candida sp.	Malus	0.2692	1	0.3056	0.6944	0.370210855949896
Lachancea kluyveri	Ulmus	0.2695	1	0.3056	0.6944	0.370210855949896
Torulaspora delbrueckii	Salix	0.2703	2	1.0113	0.9887	0.37053625
Lachancea kluyveri	Morus	0.2756	1	0.3203	0.6797	0.376234024896266
Metschnikowia pulcherrima sp. complex	Malus	0.2756	3	1.8234	1.1766	0.376234024896266
Hanseniaspora uvarum	Equisetum	0.2795	1	0.3186	0.6814	0.380768115942029
Mrakiella aquatica	Acer	0.2813	1	0.3108	0.6892	0.382428512396694
Candida norvegica	Acer	0.2841	1	0.3153	0.6847	0.383899797979798
Pichia sp.	Quercus	0.2845	1	0.3074	0.6926	0.383899797979798
Schizosaccharomyces japonicus	Quercus	0.2847	1	0.3087	0.6913	0.383899797979798
Mrakia blollopis	Acer	0.2857	2	1.0502	0.9498	0.383899797979798
Saccharomyces eubayanus	Pinus	0.2867	1	0.3322	0.6678	0.383899797979798
Candida sp.	Pinus	0.2868	1	0.3298	0.6702	0.383899797979798
Lachancea thermotolerans/quebecensis	Quercus	0.288	1	0.3104	0.6896	0.383899797979798
Piskurozyma taiwanensis	Quercus	0.2882	1	0.3134	0.6866	0.383899797979798
Scheffersomyces shehatae	Betula	0.2885	1	0.3252	0.6748	0.383899797979798
Scheffersomyces ergatensis	Pinus	0.2888	1	0.3313	0.6687	0.383899797979798
Teunomyces cretensis/kruisii complex	Pinus	0.2888	1	0.3328	0.6672	0.383899797979798
Mrakia gelida	Ostrya	0.2903	1	0.3368	0.6632	0.385115725806452
Metschnikowia pulcherrima sp. complex	Equisetum	0.2948	1	0.3391	0.6609	0.390298591549296
Kluyveromyces dobzhanskii	Fagus	0.2956	3	1.9149	1.0851	0.390571887550201
Cystofilobasidium capitatum	Acer	0.2988	7	5.4475	1.5525	0.394008817635271
Hanseniaspora uvarum	Rhamnus	0.2999	1	0.3493	0.6507	0.39414592445328
Debaryomyces hansenii	Fagus	0.3012	2	1.0966	0.9034	0.39414592445328
Trichosporon porosum	Fagus	0.3012	2	1.0888	0.9112	0.39414592445328
Candida sake	Ulmus	0.3013	1	0.3531	0.6469	0.39414592445328
Kazachstania martiniae	Ilex	0.304	1	0.3559	0.6441	0.396888888888889
Cryptococcus sp.	Malus	0.3055	1	0.3531	0.6469	0.398057425742574
Mrakia sp.	Amanita	0.3074	1	0.353	0.647	0.399741501976285
Lachancea thermotolerans	Vaccinium	0.3108	1	0.3625	0.6375	0.403365680473373
Cystofilobasidium capitatum	Thuja	0.3117	2	1.1289	0.8711	0.403737401574803
Torulaspora delbrueckii	Fraxinus	0.3225	2	1.1503	0.8497	0.416905697445973
Torulaspora delbrueckii	Morus	0.3307	2	1.1686	0.8314	0.426667843137255
Cystofilobasidium capitatum	Juniperus	0.3337	1	0.3941	0.6059	0.429695890410959
Mrakia gelida	Prunus	0.337	1	0.4055	0.5945	0.43309765625
Saccharomyces paradoxus	Ulmus	0.3386	1	0.406	0.594	0.434305653021443
Candida sake	Quercus	0.3397	5	3.8526	1.1474	0.434868871595331
Pichia kluyveri	Betula	0.344	1	0.4032	0.5968	0.439518446601942
Lachancea thermotolerans	Morus	0.3462	1	0.4109	0.5891	0.441472093023256
Curvibasidium cygneicollum	Rubus	0.3524	1	0.4289	0.5711	0.447643243243243
Saccharomyces paradoxus	Acer	0.3524	4	3.0252	0.9748	0.447643243243243
Metschnikowia pulcherrima sp. complex	Picea	0.3538	1	0.4257	0.5743	0.447693076923077
Yamadazyma mexicana	Acer	0.3538	1	0.4164	0.5836	0.447693076923077
Kazachstania serrabonitensis	Acer	0.3579	1	0.4179	0.5821	0.451776245210728
Lachancea quebecensis	Fagus	0.3584	1	0.4115	0.5885	0.451776245210728
Meyerozyma caribbica	Fagus	0.3593	2	1.2342	0.7658	0.451809923664122
Candida pseudolambica	Acer	0.3598	1	0.4205	0.5795	0.451809923664122
Candida germanica	Fagus	0.3638	1	0.4182	0.5818	0.455471102661597
Cystofilobasidium capitatum	Rubus	0.3641	2	1.2608	0.7392	0.455471102661597
Lachancea thermotolerans	Carya	0.3668	1	0.4488	0.5512	0.457977988614801
Cystofilobasidium infirmominatum	Acer	0.3691	1	0.4292	0.5708	0.459976893939394
Saccharomyces paradoxus	Fagus	0.3731	5	3.9936	1.0064	0.464082797731569
Mrakia blollopis	Pinus	0.375	1	0.4579	0.5421	0.465566037735849
Mrakia sp.	Juniperus	0.3803	1	0.458	0.542	0.471236842105263
Cyberlindnera saturnus	Pinus	0.381	1	0.4662	0.5338	0.471236842105263
Candida railenensis	Carya	0.3825	1	0.4736	0.5264	0.472204502814259
Torulaspora delbrueckii	Ilex	0.3856	2	1.3078	0.6922	0.475140074906367
Torulaspora delbrueckii	Carya	0.3872	2	1.3178	0.6822	0.476219813084112
Wickerhamomyces onychis	Quercus	0.3902	1	0.4557	0.5443	0.479014179104478
Saccharomyces paradoxus	Tsuga	0.3917	1	0.4858	0.5142	0.479960148975791
Mrakia sp.	Thuja	0.394	2	1.3536	0.6464	0.481881040892193
Hanseniaspora uvarum	Vaccinium	0.3959	1	0.4961	0.5039	0.482573357664234
Cyberlindnera veronae	Quercus	0.397	1	0.4678	0.5322	0.482573357664234
Nakazawaea molendini-olei	Quercus	0.3973	1	0.4675	0.5325	0.482573357664234
Mrakia gelida	Morus	0.3984	1	0.4973	0.5027	0.482573357664234
Saccharomyces paradoxus	Ilex	0.3984	1	0.4962	0.5038	0.482573357664234
Kluyveromyces lactis	Betula	0.3991	2	1.3591	0.6409	0.482573357664234
Candida santamariae	Betula	0.3998	1	0.4884	0.5116	0.482573357664234
Rhodotorula mucilaginosa	Quercus	0.4006	1	0.4672	0.5328	0.482573357664234
Mrakia gelida	Fraxinus	0.4018	1	0.5057	0.4943	0.482573357664234
Candida albicans	Quercus	0.4019	1	0.4733	0.5267	0.482573357664234
Candida railenensis	Pinus	0.4057	2	1.378	0.622	0.486248816029144
Mrakiella aquatica	Quercus	0.4111	1	0.4808	0.5192	0.491825090909091
Cystofilobasidium capitatum	Populus	0.413	2	1.3876	0.6124	0.492665579710145
Candida boleticola	Acer	0.4133	1	0.5074	0.4926	0.492665579710145
Kazachstania martiniae	Quercus	0.4195	4	3.2737	0.7263	0.498301621621622
Rhodotorula fujisanensis	Acer	0.42	1	0.5182	0.4818	0.498301621621622
Cystofilobasidium capitatum	Picea	0.4203	1	0.536	0.464	0.498301621621622
Metschnikowia pulcherrima sp. complex	Acer	0.4255	5	4.269	0.731	0.503559352517986
Hanseniaspora uvarum	Morus	0.4271	1	0.5443	0.4557	0.504545421903052
Metschnikowia pulcherrima sp. complex	Betula	0.4294	4	3.3255	0.6745	0.505800715563506
Hanseniaspora uvarum	Fraxinus	0.4297	1	0.5478	0.4522	0.505800715563506
Lachancea kluyveri	Populus	0.4387	1	0.5647	0.4353	0.5154725
Metschnikowia pulcherrima sp. complex	Ulmus	0.4395	1	0.5657	0.4343	0.515491978609626
Mrakia gelida	Pyrus	0.4466	1	0.5807	0.4193	0.522090973451327
Candida pseudolambica	Fagus	0.4476	1	0.5493	0.4507	0.522090973451327
Barnettozyma californica	Fagus	0.4481	1	0.548	0.452	0.522090973451327
Mrakia sp.	Rhamnus	0.4483	1	0.5813	0.4187	0.522090973451327
Kazachstania martiniae	Populus	0.4498	1	0.5926	0.4074	0.522912367491166
Candida sp.	Betula	0.4521	1	0.5656	0.4344	0.524659259259259
Scheffersomyces ergatensis	Betula	0.46	1	0.5868	0.4132	0.532887323943662
Candida railenensis	Thuja	0.4706	1	0.6208	0.3792	0.544208787346221
Metschnikowia pulcherrima sp. complex	Morus	0.4751	1	0.6199	0.3801	0.547718739054291
Rhodosporidiobolus colostri	Acer	0.4753	1	0.6169	0.3831	0.547718739054291
Mrakia blollopis	Quercus	0.477	2	1.5475	0.4525	0.548716783216783
Hanseniaspora osmophila	Acer	0.4835	1	0.6257	0.3743	0.555223385689354
Cystofilobasidium infirmominatum	Quercus	0.49	1	0.623	0.377	0.561707317073171
Kazachstania serrabonitensis	Quercus	0.4916	1	0.6269	0.3731	0.561751819757366
Candida pseudolambica	Quercus	0.4921	1	0.6191	0.3809	0.561751819757366
Cryptococcus sp.	Betula	0.4926	1	0.6523	0.3477	0.561751819757366
Mrakia frigida	Quercus	0.4946	1	0.6274	0.3726	0.563056747404844
Schwanniomyces polymorphus	Fagus	0.5244	1	0.6839	0.3161	0.595950259067357
Teunomyces cretensis/kruisii complex	Acer	0.5348	1	0.7216	0.2784	0.606721379310345
Metschnikowia pulcherrima sp. complex	Pyrus	0.5428	1	0.7504	0.2496	0.61473734939759
Cyberlindnera saturnus	Betula	0.5759	1	0.8185	0.1815	0.651103436426117
Torulaspora delbrueckii	Ostrya	0.5806	1	0.8091	0.1909	0.655291252144082
Candida santamariae	Fagus	0.5847	1	0.818	0.182	0.658224957264957
Tausonia pullulans	Fagus	0.5852	1	0.8169	0.1831	0.658224957264957
Wickerhamomyces anomalus	Acer	0.5879	1	0.8347	0.1653	0.660133447098976
Mrakia sp.	Ulmus	0.5893	1	0.8651	0.1349	0.660578194207836
Leucosporidium scottii	Fagus	0.5907	1	0.8257	0.1743	0.660904584040747
Cryptococcus sp.	Acer	0.5916	1	0.8395	0.1605	0.660904584040747
Torulaspora delbrueckii	Cercis	0.5946	1	0.8669	0.1331	0.663130169491525
Aureobasidium pullulans	Betula	0.6008	1	0.8828	0.1172	0.668208431703204
Mrakia gelida	Populus	0.6015	1	0.8921	0.1079	0.668208431703204
Metschnikowia pulcherrima sp. complex	Thuja	0.6022	1	0.8994	0.1006	0.668208431703204
Candida sake	Betula	0.6146	2	2.0261	-0.0261	0.680819528619529
Cystofilobasidium capitatum	Betula	0.6176	4	4.2088	-0.2088	0.682398993288591
Cystofilobasidium capitatum	Pyrus	0.6181	1	0.9212	0.0788	0.682398993288591
Kazachstania martiniae	Malus	0.6198	1	0.9349	0.0651	0.683129648241206
Rhodotorula nothofagi	Quercus	0.6277	2	2.0302	-0.0301999999999998	0.690679933110368
Metschnikowia pulcherrima sp. complex	Rubus	0.6305	1	0.9888	0.0112	0.692602671118531
Tausonia pullulans	Quercus	0.6369	1	0.9284	0.0716	0.698467
Nakazawaea holstii	Betula	0.6436	1	0.9708	0.0292	0.704485572139303
Hanseniaspora osmophila	Quercus	0.6456	1	0.9415	0.0585	0.704485572139303
Pichia membranifaciens	Fagus	0.6456	1	0.9647	0.0353	0.704485572139303
Saccharomyces eubayanus	Fagus	0.6495	1	0.9623	0.0377	0.707567880794702
Hanseniaspora uvarum	Populus	0.6517	1	1.006	-0.00600000000000001	0.708791074380165
Mrakia sp.	Ilex	0.6598	1	1.0532	-0.0531999999999999	0.716416501650165
Kazachstania martiniae	Acer	0.6628	2	2.1839	-0.1839	0.718488303130148
Mrakia sp.	Tsuga	0.6664	1	1.0572	-0.0571999999999999	0.721202631578947
Cyberlindnera saturnus	Acer	0.6738	1	1.0451	-0.0450999999999999	0.728013793103448
Metschnikowia pulcherrima sp. complex	Populus	0.6792	1	1.1123	-0.1123	0.732645245901639
Mrakia gelida	Acer	0.6817	3	3.4344	-0.4344	0.734138461538462
Candida sake	Malus	0.6855	1	1.1216	-0.1216	0.737024509803922
Scheffersomyces ergatensis	Quercus	0.6907	1	1.0828	-0.0828	0.741403915171289
Candida sp.	Quercus	0.6953	1	1.0891	-0.0891	0.744128455284553
Pichia membranifaciens	Quercus	0.6955	1	1.0969	-0.0969	0.744128455284553
Curvibasidium cygneicollum	Fagus	0.6999	2	2.3272	-0.3272	0.747155267423015
Kluyveromyces lactis	Fagus	0.7006	2	2.3389	-0.3389	0.747155267423015
Aureobasidium pullulans	Acer	0.7039	1	1.1403	-0.1403	0.749459870550162
Nakazawaea holstii	Acer	0.7316	1	1.2309	-0.2309	0.777694345718902
Lachancea thermotolerans	Pinus	0.7382	1	1.2716	-0.2716	0.782712721417069
Debaryomyces hansenii	Quercus	0.7387	1	1.2462	-0.2462	0.782712721417069
Candida railenensis	Malus	0.7443	1	1.3021	-0.3021	0.78737845659164
Torulaspora delbrueckii	Tsuga	0.7455	1	1.3097	-0.3097	0.78738202247191
Saccharomyces paradoxus	Malus	0.7474	1	1.3158	-0.3158	0.788123717948718
Saccharomyces paradoxus	Pinus	0.7555	1	1.3544	-0.3544	0.794750479233227
Candida sake	Acer	0.7561	2	2.6087	-0.6087	0.794750479233227
Lachancea fermentati	Acer	0.7617	1	1.3444	-0.3444	0.798086942675159
Torulaspora delbrueckii	Pyrus	0.7617	1	1.3768	-0.3768	0.798086942675159
Hanseniaspora uvarum	Fagus	0.7667	4	5.0512	-1.0512	0.802048648648649
Hanseniaspora vineae	Quercus	0.7786	2	2.6746	-0.6746	0.813204444444444
Torulaspora delbrueckii	Quercus	0.784	10	11.9799	-1.9799	0.817546751188589
Mrakia gelida	Malus	0.7866	1	1.4903	-0.4903	0.818960126582278
Lachancea kluyveri	Fagus	0.7984	2	2.8752	-0.8752	0.829932385466035
Mrakia gelida	Pinus	0.805	1	1.5592	-0.5592	0.835473186119874
Kazachstania martiniae	Fagus	0.812	2	2.8691	-0.8691	0.841411023622047
Hanseniaspora uvarum	Malus	0.8227	1	1.6717	-0.6717	0.851158176100629
Hanseniaspora uvarum	Pinus	0.8362	1	1.7308	-0.7308	0.863767032967033
Curvibasidium cygneicollum	Acer	0.8463	1	1.7581	-0.7581	0.872829780564263
Candida railenensis	Quercus	0.8523	3	4.4983	-1.4983	0.876990625
Mrakia gelida	Fagus	0.853	3	4.5257	-1.5257	0.876990625
Lachancea kluyveri	Quercus	0.8611	2	3.2673	-1.2673	0.88393728549142
Cystofilobasidium capitatum	Fagus	0.8678	5	7.141	-2.141	0.889427414330218
Nakazawaea holstii	Quercus	0.8722	1	1.8861	-0.8861	0.892546811819596
Mrakia sp.	Quercus	0.8795	7	9.6945	-2.6945	0.898619565217391
Torulaspora delbrueckii	Betula	0.8875	4	6.2235	-2.2235	0.905387596899225
Saccharomyces cerevisiae	Fagus	0.8908	1	2.0481	-1.0481	0.907347368421053
Cystofilobasidium capitatum	Malus	0.9156	1	2.3582	-1.3582	0.931166615146832
Hanseniaspora vineae	Fagus	0.919	1	2.3273	-1.3273	0.933182098765432
Cystofilobasidium capitatum	Pinus	0.9272	1	2.4578	-1.4578	0.940057935285054
Mrakia sp.	Malus	0.9428	1	2.8076	-1.8076	0.954403692307692
Lachancea thermotolerans	Acer	0.9501	1	2.8054	-1.8054	0.960316129032258
Candida railenensis	Acer	0.9609	1	3.0252	-2.0252	0.96974263803681
Torulaspora delbrueckii	Malus	0.9734	1	3.4705	-2.4705	0.980853292496171
Cystofilobasidium capitatum	Quercus	0.9753	4	8.1351	-4.1351	0.981265137614679
Torulaspora delbrueckii	Pinus	0.9788	1	3.5823	-2.5823	0.983283053435114
Lachancea thermotolerans	Fagus	0.9817	1	3.6629	-2.6629	0.984692987804878
Hanseniaspora uvarum	Acer	0.9856	1	3.8761	-2.8761	0.987100152207002
Hanseniaspora uvarum	Quercus	0.9988	1	5.7709	-4.7709	0.9988
