Specific	Species	pval	Observed	Expected	Difference	BH_Padj
Flower	Zygowilliopsis californica	0	2	0.0152	1.9848	0
Fungus	Hanseniaspora uvarum	0	15	3.4805	11.5195	0
Fungus	Suhomyces bolitotheri	0	7	0.5518	6.4482	0
Lichen	Scleroconidioma sphagnicola	0	2	0.0096	1.9904	0
Sand	Kazachstania serrabonitensis	0	4	0.0858	3.9142	0
Fungus	Teunomyces cretensis/kruisii complex	1e-04	7	0.9367	6.0633	0.0102142857142857
Soil	Mrakia sp.	1e-04	40	24.8088	15.1912	0.0102142857142857
Fruit	Curvibasidium cygneicollum	2e-04	7	1.3549	5.6451	0.0158888888888889
Soil	Torulaspora delbrueckii	2e-04	53	35.2097	17.7903	0.0158888888888889
Leaves	Rhodotorula nothofagi	4e-04	7	1.5628	5.4372	0.0238333333333333
Feather	Peterozyma toletana	5e-04	1	5e-04	0.9995	0.0238333333333333
Fruit	Pichia kudriavzevii	5e-04	4	0.5109	3.4891	0.0238333333333333
Plant Matter	Candida mycetangii	5e-04	3	0.1648	2.8352	0.0238333333333333
Sand	Pichia scaptomyzae	5e-04	2	0.0435	1.9565	0.0238333333333333
Soil	Cyberlindnera saturnus	5e-04	16	7.4075	8.5925	0.0238333333333333
Insect	Kwoniella newhampshirensis	6e-04	1	6e-04	0.9994	0.0268125
Bark	Lachancea kluyveri	7e-04	12	4.765	7.235	0.0294411764705882
Needles	Sydowia polyspora	8e-04	2	0.0464	1.9536	0.0317777777777778
Bark	Scheffersomyces ergatensis	9e-04	8	2.5665	5.4335	0.032175
Leaves	Mrakia gelida	9e-04	13	4.6594	8.3406	0.032175
Soil	Saccharomyces paradoxus	0.0012	24	13.8711	10.1289	0.0408571428571429
Soil	Trichosporon porosum	0.0014	10	4.1831	5.8169	0.0455
Mold	Meyerozyma guilliermondii	0.0021	1	0.0021	0.9979	0.06325
Sea Grass	Scheffersomyces spartinae	0.0022	1	0.0022	0.9978	0.06325
Fruit	Hanseniaspora uvarum	0.0023	11	4.1541	6.8459	0.06325
Soil	Kazachstania servazzii	0.0023	7	2.6003	4.3997	0.06325
Soil/Twigs/Fungus	Pichia cecembensis	0.0027	1	0.0027	0.9973	0.0715
Fruit	Papiliotrema flavescens	0.0028	3	0.3568	2.6432	0.0715
Sawdust	Rhodotorula araqucariae	0.003	1	0.003	0.997	0.0715
Water	Candida pseudoglaebosa	0.003	1	0.003	0.997	0.0715
Fruit	Cryptococcus pinus	0.0032	3	0.3561	2.6439	0.0715
Sawdust	Debaryomyces sp.	0.0032	1	0.0032	0.9968	0.0715
Fungus	Suhomyces tanzawaensis	0.0037	2	0.1276	1.8724	0.0752631578947368
Sap	Candida nitratophila	0.0037	1	0.0037	0.9963	0.0752631578947368
Flower/Leaves	Cyberlindnera sp.	0.0038	1	0.0038	0.9962	0.0752631578947368
Leaves	Meyerozyma caribbica	0.0038	6	1.6447	4.3553	0.0752631578947368
Flower	Candida bombi	0.004	1	0.004	0.996	0.0752631578947368
Nut	Candida boleticola	0.004	2	0.0996	1.9004	0.0752631578947368
Humus	Trichosporon moniliiforme	0.0043	1	0.0043	0.9957	0.0784756097560975
Leaves/Bark	Mrakia psychrophila	0.0045	1	0.0045	0.9955	0.0784756097560975
Sap	Saccharomycopsis sp.	0.0045	1	0.0045	0.9955	0.0784756097560975
Sap	Kuraishia capsulata	0.0048	1	0.0048	0.9952	0.0817142857142857
Fruit	Aureobasidium pullulans	0.0052	4	0.7923	3.2077	0.0845
Grass	Meyerozyma guilliermondii	0.0052	1	0.0052	0.9948	0.0845
Leaves	Leotiomycetes sp.	0.0054	4	0.8197	3.1803	0.0858
Seed	Candida sorboxylosa	0.0057	1	0.0057	0.9943	0.0863396226415094
Soil/Bark	Ogataea naganishii	0.0059	1	0.0059	0.9941	0.0863396226415094
Bark	Saccharomyces eubayanus	0.006	6	1.9912	4.0088	0.0863396226415094
Leaves	Nakazawaea anatomiae/populi sp. complex	0.006	4	0.8168	3.1832	0.0863396226415094
Bark	Kluyveromyces lactis	0.0061	11	5.1354	5.8646	0.0863396226415094
Seed	Pichia sporocuriosa	0.0062	1	0.0062	0.9938	0.0863396226415094
Sand	Kazachstania martiniae	0.0063	4	0.7381	3.2619	0.0863396226415094
Soil/Plant Matter	Sugiyamaella novakii	0.0064	1	0.0064	0.9936	0.0863396226415094
Soil/Twigs/Fungus	Candida inconspicua	0.0082	1	0.0082	0.9918	0.105368421052632
Bark	Torulaspora delbrueckii	0.0083	32	21.544	10.456	0.105368421052632
Leaves	Kwoniella heavenensis	0.0084	2	0.1863	1.8137	0.105368421052632
Nut	Candida railenensis	0.0084	3	0.4483	2.5517	0.105368421052632
Leaves	Candida xestobii	0.0087	2	0.178	1.822	0.10725
Sawdust	Schwanniomyces vanrijiae	0.0094	1	0.0094	0.9906	0.112493333333333
Sap	Cyberlindnera fabianii	0.0095	1	0.0095	0.9905	0.112493333333333
Berries/Needles	Nakazawaea holstii	0.0097	1	0.0097	0.9903	0.112493333333333
Needles	Hanseniaspora valbyensis	0.0098	1	0.0098	0.9902	0.112493333333333
Needles	Kwoniella pini	0.01	1	0.01	0.99	0.112493333333333
Ash	Geotrichum candidum	0.0102	1	0.0102	0.9898	0.112493333333333
Twigs	Candida zeylanoides	0.0104	1	0.0104	0.9896	0.112493333333333
Fungus	Candida boleticola	0.0106	3	0.5007	2.4993	0.112493333333333
Grass	Wickerhamomyces onychis	0.0106	1	0.0107	0.9893	0.112493333333333
Sand	Saccharomyces cerevisiae	0.0107	3	0.4416	2.5584	0.112493333333333
Twigs	Phialemoniopsis ocularis	0.0109	1	0.0109	0.9891	0.112493333333333
Soil/Twigs/Fungus	Geotrichum candidum	0.0111	1	0.0112	0.9888	0.112493333333333
Soil/Bark	Lachancea nothofagi	0.0116	1	0.0117	0.9883	0.112493333333333
Wood	Cyberlindnera jadinii	0.0116	1	0.0116	0.9884	0.112493333333333
Wood	Sugiyamaella smithiae	0.0116	1	0.0116	0.9884	0.112493333333333
Twigs	Wickerhamomyces anomalus	0.0117	2	0.1734	1.8266	0.112493333333333
Wood	Wickerhamomyces anomalus	0.0118	2	0.1615	1.8385	0.112493333333333
Pine Cone	Zygoascus meyerae/hellenicus	0.012	1	0.012	0.988	0.112894736842105
Bulb	Cystofilobasidium infirmominatum	0.0123	1	0.0123	0.9877	0.114214285714286
Ash	Pichia kudriavzevii	0.0125	1	0.0126	0.9874	0.1144
Fruit/Leaves	Krasilnikovozyma huempii	0.0127	1	0.0127	0.9873	0.1144
Feather	Tausonia pullulans	0.0128	1	0.0128	0.9872	0.1144
Spider	Cryptococcus flavescens	0.013	1	0.013	0.987	0.114753086419753
Fruit/Leaves	Cystofilobasidium	0.0137	1	0.0137	0.9863	0.119457317073171
Soil	Kazachstania martiniae	0.014	18	11.3085	6.6915	0.120602409638554
Leaves	Candida sp.	0.0146	4	1.0169	2.9831	0.123652941176471
Bulb	Rhodosporidiobolus colostri	0.0147	1	0.0148	0.9852	0.123652941176471
Fruit	Kuraishia molischiana	0.0155	2	0.217	1.783	0.128206896551724
Spider	Aureobasidium pullulans	0.0156	1	0.0156	0.9844	0.128206896551724
Moss	Ogataea dorogensis	0.0159	1	0.0159	0.9841	0.1291875
Nut	Kluyveromyces dobzhanskii	0.0162	2	0.1991	1.8009	0.13014606741573
Humus	Cyberlindnera veronae	0.017	1	0.0171	0.9829	0.13178431372549
Moss	Thelebolus sp.	0.0172	1	0.0172	0.9828	0.13178431372549
Leaves/Bark	Suhomyces ambrosiae	0.0174	1	0.0175	0.9825	0.13178431372549
Flower/Leaves	Metschnikowia reukaufii	0.0176	1	0.0176	0.9824	0.13178431372549
Moss	Diozsegia sp.	0.018	1	0.018	0.982	0.13178431372549
Leaves/Bark	Rhodotorula glutinis	0.0181	1	0.0182	0.9818	0.13178431372549
Pine Cone	Nakazawaea holstii	0.0181	2	0.1965	1.8035	0.13178431372549
Moss	Cephalosporium sp.	0.0185	1	0.0185	0.9815	0.13178431372549
Duff	Lachancea fermentati	0.0186	3	0.5791	2.4209	0.13178431372549
Mold	Scheffersomyces ergatensis	0.0186	1	0.0188	0.9812	0.13178431372549
Soil/Grass	Candida tropicalis	0.0186	1	0.0186	0.9814	0.13178431372549
Humus	Schizosaccharomyces japonicus	0.0187	1	0.0189	0.9811	0.13178431372549
Wood	Saturnispora zaruensis	0.0188	1	0.0188	0.9812	0.13178431372549
Moss	Pichia pastoris	0.0198	1	0.0198	0.9802	0.137446601941748
Lichen	Lachancea thermotolerans/quebecensis	0.0202	1	0.0202	0.9798	0.138875
Fungus	Suhomyces ambrosiae	0.0206	2	0.2473	1.7527	0.14027619047619
Twigs	Debaryomyces nepalensis	0.0209	1	0.021	0.979	0.140327102803738
Wood	Rhodotorula babjevae	0.021	1	0.0211	0.9789	0.140327102803738
Duff	Schwanniomyces polymorphus	0.0215	2	0.2301	1.7699	0.142337962962963
Sand	Leucosporidium creatinivora	0.0221	1	0.0221	0.9779	0.144276785714286
Twigs	Naganishia albida	0.0224	1	0.0224	0.9776	0.144276785714286
Wood	Sugiyamaella lignohabitans	0.0225	1	0.0225	0.9775	0.144276785714286
Fruit/Leaves	Candida parapsilosis	0.0226	1	0.0226	0.9774	0.144276785714286
Ash	Pichia fermentans	0.023	1	0.0232	0.9768	0.144817796610169
Sap	Candida mycetangii	0.0231	1	0.0233	0.9767	0.144817796610169
Fruit/Leaves	Debaryomyces nepalensis	0.0237	1	0.0238	0.9762	0.144817796610169
Sand	Candida sanyaensis	0.0237	1	0.0237	0.9763	0.144817796610169
Sand	Cadophora malorum	0.0238	1	0.0238	0.9762	0.144817796610169
Flower	Metschnikowia reukaufii	0.0239	1	0.0241	0.9759	0.144817796610169
Leaves	Kwoniella shandongensis	0.0248	2	0.2751	1.7249	0.148909090909091
Pine Cone	Suhomyces xylopsoci/prunicola/pyralidae	0.0251	1	0.0253	0.9747	0.148909090909091
Fruit/Leaves	Rhodotorula kratochvilovae	0.0252	1	0.0255	0.9745	0.148909090909091
Fruit	Candida albicans	0.0255	2	0.2856	1.7144	0.149446721311475
Soil/Plant Matter	Kazachstania martiniae	0.0259	2	0.2623	1.7377	0.150376984126984
Humus	Cryptococcus victoriae	0.0261	1	0.0262	0.9738	0.150376984126984
Pine Cone	Pichia galeiformis	0.0264	1	0.0265	0.9735	0.150376984126984
Flower	Cystofilobasidium infirmominatum	0.0265	1	0.027	0.973	0.150376984126984
Leaves	Pichia membranifaciens	0.0268	3	0.7255	2.2745	0.15088188976378
Soil/Plant Matter	Mrakiella cryoconiti	0.0274	1	0.0282	0.9718	0.1530546875
Humus	Schwanniomyces polymorphus	0.0289	1	0.0292	0.9708	0.160182170542636
Flower	Cryptococcus victoriae	0.0294	1	0.0299	0.9701	0.161557251908397
Soil/Twigs/Fungus	Pichia manshurica	0.0296	1	0.03	0.97	0.161557251908397
Bark	Tausonia pullulans	0.03	5	1.9869	3.0131	0.162353383458647
Fruit	Cryptococcus flavescens	0.0302	3	0.728	2.272	0.162353383458647
Fungus	Pichia fermentans	0.0308	3	0.7332	2.2668	0.16434328358209
Plant Matter	Vishniacozyma dimennae	0.0313	1	0.0313	0.9687	0.165606617647059
Compost	Saccharomyces paradoxus	0.0315	1	0.0315	0.9685	0.165606617647059
Plant Matter	Lachancea thermotolerans	0.033	4	1.26	2.74	0.171496376811594
Lichen	Lecythophora sp.	0.0331	1	0.0337	0.9663	0.171496376811594
Soil	Kazachstania kunashirensis	0.0336	3	0.9729	2.0271	0.172110714285714
Duff	Rhodotorula graminis	0.0337	1	0.0337	0.9663	0.172110714285714
Plant Matter	Ogataea polymorpha	0.0344	1	0.0344	0.9656	0.173211267605634
Soil	Candida vartiovaarae	0.0344	3	0.9826	2.0174	0.173211267605634
Plant Matter	Candida montana	0.0349	1	0.0349	0.9651	0.174342465753425
Duff	Candida californica	0.0354	1	0.0354	0.9646	0.174342465753425
Bark	Cryptococcus wisconsinensis	0.0356	2	0.3873	1.6127	0.174342465753425
Soil/Plant Matter	Candida pseudoglaebosa	0.0356	1	0.0365	0.9635	0.174342465753425
Duff	Cystofilobasidium macarens	0.0361	1	0.0361	0.9639	0.174402027027027
Duff	Isaria sp.	0.0361	1	0.0361	0.9639	0.174402027027027
Pine Cone	Hanseniaspora sp.	0.0365	1	0.0366	0.9634	0.174516447368421
Duff	Candida intermedia	0.0369	1	0.0369	0.9631	0.174516447368421
Duff	Kazachstania martiniae	0.037	4	1.2836	2.7164	0.174516447368421
Fruit/Leaves	Nakazawaea molendini-olei	0.0371	1	0.0378	0.9622	0.174516447368421
Seed	Rhodosporidiobolus colostri	0.0378	1	0.0385	0.9615	0.176428571428571
Duff	Trichosporon japonicum	0.038	1	0.038	0.962	0.176428571428571
Soil	Candida pseudolambica	0.0389	5	2.2605	2.7395	0.178977707006369
Sand	Rhodotorula babjevae	0.0392	1	0.0393	0.9607	0.178977707006369
Soil/Grass/Twigs	Wickerhamomyces anomalus	0.0393	1	0.0399	0.9601	0.178977707006369
Soil	Barnettozyma californica	0.0403	5	2.2568	2.7432	0.180026785714286
Pine Cone	Kuraishia molischiana	0.0405	1	0.0408	0.9592	0.180026785714286
Twigs	Rhodotorula mucilaginosa	0.0409	1	0.0414	0.9586	0.180026785714286
Bark	Wickerhamomyces hampshirensis	0.0412	2	0.4069	1.5931	0.180026785714286
Leaves	Cystofilobasidium capitatum	0.0412	11	6.2015	4.7985	0.180026785714286
Leaves/Bark	Cryptococcus sp.	0.0415	1	0.0422	0.9578	0.180026785714286
Wood	Candida tropicalis	0.0418	1	0.0421	0.9579	0.180026785714286
Bark	Scheffersomyces cyptocercus	0.042	2	0.4041	1.5959	0.180026785714286
Duff	Coniochaeta hoffmannii	0.042	1	0.042	0.958	0.180026785714286
Twigs	Metschnikowia viticola	0.0421	1	0.0427	0.9573	0.180026785714286
Sand	Candida glabrata	0.0423	1	0.0429	0.9571	0.180026785714286
Grass	Wickerhamomyces anomalus	0.0439	1	0.0446	0.9554	0.185730769230769
Seed	Pichia kudriavzevii	0.0446	1	0.0458	0.9542	0.187582352941176
Fruit	Pichia kluyveri	0.0465	2	0.3698	1.6302	0.194429824561404
Bulb	Curvibasidium cygneicollum	0.0469	1	0.0474	0.9526	0.194888571428571
Leaves/Bark	Cryptococcus flavescens	0.0475	1	0.0482	0.9518	0.194888571428571
Flower/Leaves	Pichia manshurica	0.0476	1	0.0488	0.9512	0.194888571428571
Fruit	Candida pseudoglaebosa	0.0477	2	0.3654	1.6346	0.194888571428571
Pine Cone	Mrakiella cryoconiti	0.048	1	0.0488	0.9512	0.195
Pine Cone	Cyberlindnera veronae	0.0505	1	0.0512	0.9488	0.203654494382022
Nut	Suhomyces ambrosiae	0.0507	1	0.0514	0.9486	0.203654494382022
Seed	Hanseniaspora uvarum	0.0511	2	0.3742	1.6258	0.204114525139665
Humus	Mrakia blollopis	0.0526	1	0.0535	0.9465	0.208938888888889
Plant Matter	Aureobasidium pullulans	0.0532	2	0.3683	1.6317	0.210154696132597
Twigs	Papiliotrema flavescens	0.0537	1	0.055	0.945	0.210964285714286
Moss	Candida inconspicua	0.0545	1	0.0553	0.9447	0.212937158469945
Fruit/Leaves	Geotrichum candidum	0.0571	1	0.0588	0.9412	0.2179375
Fruit/Leaves	Pichia kluyveri	0.0575	1	0.059	0.941	0.2179375
Twigs	Teunomyces carpophila	0.0578	1	0.0589	0.9411	0.2179375
Nut	Candida mycetangii	0.058	1	0.0595	0.9405	0.2179375
Sand	Schwanniomyces vanrijiae	0.0594	1	0.0604	0.9396	0.2179375
Pine Cone	Cryptococcus pinus	0.0596	1	0.0606	0.9394	0.2179375
Fungus	Hyphopichia pseudoburtonii	0.0597	1	0.0597	0.9403	0.2179375
Plant Matter	Papiliotrema wisconsinensis	0.0598	1	0.0609	0.9391	0.2179375
Flotsam	Lachancea kluyveri	0.0599	1	0.061	0.939	0.2179375
Fungus	Suhomyces vadensis	0.0599	1	0.0599	0.9401	0.2179375
Fungus	Holtermanniella festucosa	0.0605	1	0.0605	0.9395	0.2179375
Lichen	Pichia manshurica	0.0606	1	0.0617	0.9383	0.2179375
Fungus	Suhomyces anneliseae	0.0609	1	0.0609	0.9391	0.2179375
Soil/Grass/Twigs	Cyberlindnera saturnus	0.0613	1	0.0627	0.9373	0.2179375
Fungus	Candida derodonti	0.0614	1	0.0614	0.9386	0.2179375
Nut	Pichia kluyveri	0.0614	1	0.0623	0.9377	0.2179375
Fungus	Cryptococcus filicatus	0.0616	1	0.0616	0.9384	0.2179375
Pine Cone	Yamadazyma mexicana	0.0616	1	0.063	0.937	0.2179375
Sand	Scheffersomyces spartinae	0.0622	1	0.064	0.936	0.2179375
Fungus	Hanseniaspora opuntiae	0.0624	1	0.0624	0.9376	0.2179375
Fungus	Sugiyamaella chiloensis	0.0629	1	0.0629	0.9371	0.2179375
Fruit	Cryptococcus victoriae	0.0631	2	0.4355	1.5645	0.2179375
Fungus	Cryptococcus musci	0.0632	1	0.0632	0.9368	0.2179375
Soil/Bark	Hanseniaspora vineae	0.0633	1	0.0648	0.9352	0.2179375
Fungus	Blastobotrys buckinghamii	0.0634	1	0.0634	0.9366	0.2179375
Wood	Teunomyces carpophila	0.0645	1	0.0664	0.9336	0.220657894736842
Plant Matter	Cyberlindnera fabianii	0.0651	1	0.0664	0.9336	0.220908018867925
Plant Matter	Piskurozyma taiwanensis	0.0654	1	0.0665	0.9335	0.220908018867925
Bark	Metschnikowia pulcherrima sp. complex	0.0655	15	10.0873	4.9127	0.220908018867925
Duff	Rhodotorula kratochvilovae	0.0666	1	0.0674	0.9326	0.222852803738318
Plant Matter	Mrakia robertii	0.0667	1	0.0681	0.9319	0.222852803738318
Moss	Rhodotorula glutinis	0.0672	1	0.0689	0.9311	0.223479069767442
Fungus	Nakazawaea holstii	0.0679	3	0.973	2.027	0.223882352941176
Plant Matter	Ambrosiozyma oregonensis	0.0683	1	0.0691	0.9309	0.223882352941176
Needles	Candida santamariae	0.0685	1	0.0705	0.9295	0.223882352941176
Fruit	Lachancea sp.	0.0688	1	0.0688	0.9312	0.223882352941176
Fungus	Vanrija humicola	0.0689	2	0.4439	1.5561	0.223882352941176
Soil/Grass	Wickerhamomyces anomalus	0.0692	1	0.0717	0.9283	0.223882352941176
Fruit	Metschnikowia bicuspidata	0.0699	1	0.0699	0.9301	0.225128378378378
Bark	Kluyveromyces marxianus	0.071	5	2.3869	2.6131	0.226676855895196
Leaves/Bark	Wickerhamomyces anomalus	0.0711	1	0.072	0.928	0.226676855895196
Fruit	Naganishia friedmannii	0.0718	1	0.0718	0.9282	0.226676855895196
Fruit	Candida argentea	0.0722	1	0.0722	0.9278	0.226676855895196
Fruit	Cryptococcus saitoi	0.0723	1	0.0723	0.9277	0.226676855895196
Fruit	Dothiora oleae	0.0724	1	0.0724	0.9276	0.226676855895196
Fruit	Oberwinklerozyma straminea	0.0726	1	0.0726	0.9274	0.226676855895196
Fruit	Rhodosporidium sp.	0.0732	1	0.0732	0.9268	0.227224576271186
Fruit	Rhodotorula sp.	0.0742	1	0.0742	0.9258	0.227224576271186
Duff	Coniochaeta ligniaria	0.0746	1	0.0764	0.9236	0.227224576271186
Fruit	Ogataea pini	0.0747	1	0.0747	0.9253	0.227224576271186
Fruit	Mrakia curviuscula	0.0749	1	0.0749	0.9251	0.227224576271186
Needles	Lecythophora sp.	0.0749	1	0.0764	0.9236	0.227224576271186
Pine Cone	Rhodotorula fujisanensis	0.075	1	0.0773	0.9227	0.227224576271186
Nut	Schwanniomyces polymorphus	0.0758	1	0.078	0.922	0.228679324894515
Sand	Rhodotorula glutinis	0.0768	1	0.0789	0.9211	0.22969375
Duff	Goffeauzyma gastrica	0.0771	1	0.0781	0.9219	0.22969375
Duff	Pichia galeiformis	0.0771	1	0.0784	0.9216	0.22969375
Sawdust	Kluyveromyces lactis	0.083	1	0.085	0.915	0.24598353909465
Bark	Leotiomycetes sp.	0.0836	4	1.7842	2.2158	0.24598353909465
Soil	Candida railenensis	0.0836	16	11.5806	4.4194	0.24598353909465
Leaves	Curvibasidium cygneicollum	0.0841	4	1.7238	2.2762	0.246440573770492
Soil/Grass	Meyerozyma caribbica	0.0861	1	0.0894	0.9106	0.250394736842105
Soil	Cryptococcus gastricus	0.0864	4	1.9323	2.0677	0.250394736842105
Fungus	Metschnikowia pulcherrima sp. complex	0.0865	6	3.131	2.869	0.250394736842105
Soil	Schwanniomyces pseudopolymorphus	0.0872	4	1.9286	2.0714	0.251403225806452
Moss	Papiliotrema flavescens	0.088	1	0.0905	0.9095	0.252690763052209
Leaves	Cystofilobasidium macerans	0.0899	1	0.0899	0.9101	0.257114
Leaves	Candida silvanorum	0.0911	1	0.0911	0.9089	0.25950796812749
Flotsam	Lachancea thermotolerans	0.0927	1	0.0964	0.9036	0.262917322834646
Leaves	Sporidiobolales sp.	0.0932	1	0.0932	0.9068	0.262917322834646
Soil/Grass	Saccharomyces cerevisiae	0.0934	1	0.0958	0.9042	0.262917322834646
Leaves	Cryptococcus aquaticus	0.0951	1	0.0951	0.9049	0.264467181467181
Bark	Hanseniaspora osmophila	0.0952	3	1.182	1.818	0.264467181467181
Leaves	Dothiora sorbi	0.0953	1	0.0953	0.9047	0.264467181467181
Plant Matter	Pichia sp.	0.0956	1	0.0974	0.9026	0.264467181467181
Plant Matter	Metschnikowia sp.	0.0958	1	0.098	0.902	0.264467181467181
Leaves	Rhodotorula fujisanensis	0.0969	2	0.5469	1.4531	0.266475
Bark	Kluyveromyces dobzhanskii	0.0975	6	3.3591	2.6409	0.267097701149425
Fruit/Leaves	Cryptococcus sp.	0.0997	1	0.1042	0.8958	0.272068014705882
Duff	Pichia sp.	0.1006	1	0.1039	0.8961	0.272068014705882
Seed	Wickerhamomyces anomalus	0.101	1	0.1045	0.8955	0.272068014705882
Soil	Holtermanniella takashimae	0.1015	2	0.6378	1.3622	0.272068014705882
Bark	Kodamaea meredithiae	0.1018	2	0.5958	1.4042	0.272068014705882
Soil/Grass/Twigs	Saccharomyces paradoxus	0.1023	1	0.1073	0.8927	0.272068014705882
Soil	Saccharomyces cerevisiae	0.1027	10	6.7867	3.2133	0.272068014705882
Bark	Lachancea quebecensis	0.1028	2	0.5942	1.4058	0.272068014705882
Soil	Wickerhamomyces onychis	0.1029	3	1.2946	1.7054	0.272068014705882
Bark	Kwoniella betulae	0.1032	2	0.5924	1.4076	0.272068014705882
Soil	Candida coipomoensis	0.1035	2	0.6384	1.3616	0.272068014705882
Moss	Teunomyces carpophila	0.1046	1	0.1089	0.8911	0.273735401459854
Bark	Hanseniaspora vineae	0.1049	7	4.1625	2.8375	0.273735401459854
Pine Cone	Cryptococcus sp.	0.1058	1	0.1108	0.8892	0.273742857142857
Soil	Lachancea nothofagi	0.1059	3	1.307	1.693	0.273742857142857
Duff	Lachancea quebecensis	0.1062	1	0.1101	0.8899	0.273742857142857
Fruit	Pichia membranifaciens	0.1067	2	0.567	1.433	0.273742857142857
Soil	Cyberlindnera misumaiensis	0.1069	2	0.6459	1.3541	0.273742857142857
Flotsam	Saccharomyces paradoxus	0.1072	1	0.1119	0.8881	0.273742857142857
Soil	Torulaspora microellipsoides	0.1084	2	0.6486	1.3514	0.275097517730496
Duff	Cyberlindnera culbertsonii	0.1085	1	0.1123	0.8877	0.275097517730496
Needles	Candida sp.	0.1095	1	0.1159	0.8841	0.276651943462898
Soil/Plant Matter	Lachancea fermentati	0.111	1	0.1174	0.8826	0.279454225352113
Fungus	Vanrija albida	0.1139	1	0.118	0.882	0.285749122807018
Fungus	Cryptococcus surugaensis	0.1145	1	0.1177	0.8823	0.28625
Fungus	Papiliotrema wisconsinensis	0.1159	1	0.118	0.882	0.287986111111111
Fruit/Leaves	Cryptococcus flavescens	0.116	1	0.1216	0.8784	0.287986111111111
Soil/Bark	Lachancea thermotolerans	0.1176	1	0.1244	0.8756	0.290948096885813
Needles	Kluyveromyces marxianus	0.1183	1	0.1249	0.8751	0.29138698630137
Fungus	Cryptococcus pseudolongus	0.1189	1	0.1224	0.8776	0.29138698630137
Seed	Curvibasidium cygneicollum	0.119	1	0.1246	0.8754	0.29138698630137
Fruit	Rhodotorula nothofagi	0.1203	3	1.2396	1.7604	0.293564846416382
Fungus	Sugiyamaella paludigena	0.1221	1	0.1265	0.8735	0.29604347826087
Fungus	Candida glabrata	0.1222	1	0.1263	0.8737	0.29604347826087
Wood	Kluyveromyces marxianus	0.1226	1	0.1284	0.8716	0.29604347826087
Fruit/Leaves	Candida sp.	0.1234	1	0.1312	0.8688	0.29604347826087
Leaves	Candida santamariae	0.1238	2	0.6324	1.3676	0.29604347826087
Moss	Lecythophora sp.	0.1238	1	0.1312	0.8688	0.29604347826087
Plant Matter	Metschnikowia reukaufii	0.1277	1	0.1337	0.8663	0.303340531561462
Wood	Scheffersomyces ergatensis	0.1277	1	0.1347	0.8653	0.303340531561462
Seed	Hanseniaspora vineae	0.1299	1	0.1363	0.8637	0.307473597359736
Soil	Debaryomyces hansenii	0.1303	5	2.9003	2.0997	0.307473597359736
Fruit	Leucosporidium scottii	0.1313	2	0.6437	1.3563	0.307801639344262
Pine Cone	Candida sp.	0.1313	1	0.1385	0.8615	0.307801639344262
Fruit	Suhomyces bolitotheri	0.1321	2	0.6406	1.3594	0.308125407166124
Plant Matter	Schizosaccharomyces japonicus	0.1323	1	0.1389	0.8611	0.308125407166124
Fruit/Leaves	Mrakia blollopis	0.133	1	0.1402	0.8598	0.30875
Pine Cone	Mrakia blollopis	0.1359	1	0.1465	0.8535	0.314461165048544
Fruit	Starmerella bombicola	0.1381	1	0.1437	0.8563	0.317956591639871
Pine Cone	Kluyveromyces marxianus	0.1383	1	0.1456	0.8544	0.317956591639871
Soil/Plant Matter	Saccharomyces cerevisiae	0.1393	1	0.1513	0.8487	0.319229166666667
Sand	Vanrija humicola	0.1401	1	0.1484	0.8516	0.320036741214058
Duff	Candida albicans	0.1413	1	0.1484	0.8516	0.32175
Duff	Candida tropicalis	0.1424	1	0.1509	0.8491	0.323225396825397
Fruit	Kwoniella heveanensis	0.1435	1	0.1491	0.8509	0.324691455696203
Fungus	Candida sp.	0.1449	2	0.6828	1.3172	0.326824921135647
Soil/Grass	Kazachstania martiniae	0.147	1	0.1583	0.8417	0.330518867924528
Soil/Grass/Twigs	Hanseniaspora uvarum	0.1486	1	0.1574	0.8426	0.333068965517241
Nut	Scheffersomyces ergatensis	0.1495	1	0.1589	0.8411	0.333889408099688
Flower/Leaves	Candida sake	0.1499	1	0.1597	0.8403	0.333889408099688
Bark	Mrakia frigida	0.1508	3	1.3873	1.6127	0.334850931677019
Moss	Nakazawaea anatomiae/populi sp. complex	0.1515	1	0.1621	0.8379	0.335363777089783
Soil	Mrakia blollopis	0.1559	6	3.8521	2.1479	0.343463190184049
Nut	Hanseniaspora uvarum	0.1563	2	0.709	1.291	0.343463190184049
Plant Matter	Cryptococcus pinus	0.1566	1	0.1681	0.8319	0.343463190184049
Twigs	Lachancea fermentati	0.1579	1	0.1692	0.8308	0.345255351681957
Plant Matter	Yamadazyma mexicana	0.1593	1	0.171	0.829	0.34641641337386
Sap	Candida railenensis	0.1594	1	0.1715	0.8285	0.34641641337386
Moss	Debaryomyces hansenii	0.161	1	0.1726	0.8274	0.348294910179641
Grass	Cystofilobasidium capitatum	0.1624	1	0.1745	0.8255	0.348294910179641
Needles	Nakazawaea holstii	0.1624	1	0.1742	0.8258	0.348294910179641
Soil	Candida sake	0.1625	16	12.6117	3.3883	0.348294910179641
Moss	Mrakia sp.	0.1627	3	1.4329	1.5671	0.348294910179641
Needles	Rhodotorula nothofagi	0.1654	1	0.1802	0.8198	0.352392857142857
Fruit/Leaves	Teunomyces cretensis/kruisii complex	0.1656	1	0.1802	0.8198	0.352392857142857
Soil/Grass	Candida sake	0.1661	1	0.1789	0.8211	0.352408011869436
Moss	Tausonia pullulans	0.1679	1	0.1825	0.8175	0.355173076923077
Sand	Leucosporidium scottii	0.1694	1	0.1828	0.8172	0.356869117647059
Bark	Sydowia polyspora	0.1697	2	0.7818	1.2182	0.356869117647059
Leaves	Suhomyces xylopsoci/prunicola/pyralidae	0.171	1	0.1803	0.8197	0.357708454810496
Leaves	Piskurozyma taiwanensis	0.1711	1	0.1793	0.8207	0.357708454810496
Leaves	Pueraria montana	0.1716	1	0.1804	0.8196	0.357708454810496
Leaves	Pichia terricola	0.1724	1	0.18	0.82	0.358331395348837
Leaves	Groenewaldozyma salmanticensis	0.1734	1	0.1813	0.8187	0.359365217391304
Bulb	Cystofilobasidium capitatum	0.1741	1	0.1879	0.8121	0.359773121387283
Leaves	Leucosporidium fellii	0.1752	1	0.1844	0.8156	0.36100288184438
Leaves	Zygosaccharomyces florentinus	0.1758	1	0.1846	0.8154	0.361198275862069
Bark	Metschnikowia viticola	0.1768	2	0.7907	1.2093	0.361585714285714
Fungus	Candida savonica	0.177	1	0.1892	0.8108	0.361585714285714
Leaves	Saturnispora zaruensis	0.1787	1	0.1875	0.8125	0.364018518518519
Duff	Candida boidinii	0.18	1	0.1943	0.8057	0.365625
Fruit/Leaves	Rhodotorula nothofagi	0.1816	1	0.1997	0.8003	0.367369014084507
Flower/Leaves	Mrakia gelida	0.1821	1	0.2	0.8	0.367369014084507
Plant Matter	Schwanniomyces polymorphus	0.1824	1	0.1965	0.8035	0.367369014084507
Bark	Cyberlindnera veronae	0.1847	2	0.7995	1.2005	0.370956460674157
Duff	Saccharomyces cerevisiae	0.1855	2	0.7911	1.2089	0.371519607843137
Fruit/Leaves	Meyerozyma caribbica	0.1868	1	0.2063	0.7937	0.372437325905292
Plant Matter	Cryptococcus victoriae	0.187	1	0.2021	0.7979	0.372437325905292
Lichen	Lachancea thermotolerans	0.1885	1	0.2063	0.7937	0.374269329896907
Nut	Nakazawaea holstii	0.1899	1	0.2083	0.7917	0.374269329896907
Bark	Phaeoacremonium rubrigenum	0.1909	1	0.1909	0.8091	0.374269329896907
Bark	Talaromyces amestolkiae	0.1911	1	0.1911	0.8089	0.374269329896907
Soil	Candida boidinii	0.1922	3	1.6095	1.3905	0.374269329896907
Bark	Wickerhamomyces hampsirensis	0.1924	1	0.1924	0.8076	0.374269329896907
Bark	Cryptococcus carnescens	0.1926	1	0.1926	0.8074	0.374269329896907
Bark	Suhomyces atakaporum	0.1937	1	0.1937	0.8063	0.374269329896907
Fruit	Hanseniaspora sp.	0.1948	1	0.2094	0.7906	0.374269329896907
Bark	Cyberlindnera japonica	0.1963	1	0.1963	0.8037	0.374269329896907
Bark	Saccharomyces uvarum	0.1963	1	0.1963	0.8037	0.374269329896907
Bark	Pichia occidentalis	0.1965	1	0.1965	0.8035	0.374269329896907
Bark	Tremella moriformis	0.197	1	0.197	0.803	0.374269329896907
Moss	Pichia manshurica	0.1975	1	0.2154	0.7846	0.374269329896907
Bark	Kuraishia ogatae	0.198	1	0.198	0.802	0.374269329896907
Bark	Hypocrea lixii	0.1981	1	0.1981	0.8019	0.374269329896907
Nut	Meyerozyma caribbica	0.1991	1	0.2182	0.7818	0.374269329896907
Leaves	Leucosporidium scottii	0.1992	2	0.8307	1.1693	0.374269329896907
Bark	Lachancea lanzarotensis	0.1993	1	0.1993	0.8007	0.374269329896907
Bark	Cyberlindnera suaveolens	0.1994	1	0.1994	0.8006	0.374269329896907
Needles	Hanseniaspora vineae	0.2002	1	0.2213	0.7787	0.374269329896907
Bark	Candida subhashii	0.2012	1	0.2012	0.7988	0.374269329896907
Bark	Rhodosporidium babjevae	0.2013	1	0.2013	0.7987	0.374269329896907
Bark	Cryptococcus cuniculi	0.2015	1	0.2015	0.7985	0.374269329896907
Bark	Ogataea zsoltii	0.2016	1	0.2016	0.7984	0.374269329896907
Fruit	Kwoniella shandongensis	0.2027	1	0.2177	0.7823	0.374269329896907
Bark	Tremella encephala	0.2028	1	0.2028	0.7972	0.374269329896907
Fruit	Candida germanica	0.2028	1	0.2181	0.7819	0.374269329896907
Bark	Cystofilobasidium sp.	0.2031	1	0.2031	0.7969	0.374269329896907
Bark	Fibulobasidium inconspicuum	0.2049	1	0.2049	0.7951	0.37560358056266
Lichen	Saccharomyces paradoxus	0.205	1	0.2262	0.7738	0.37560358056266
Bark	Saturnispora dispora	0.2054	1	0.2054	0.7946	0.37560358056266
Sawdust	Cystofilobasidium capitatum	0.2063	1	0.2237	0.7763	0.376286989795918
Duff	Schwanniomyces pseudopolymorphus	0.207	1	0.2282	0.7718	0.376603053435115
Fruit	Pichia fermentans	0.2086	2	0.8537	1.1463	0.37855076142132
Needles	Cyberlindnera saturnus	0.2105	1	0.2334	0.7666	0.38103164556962
Wood	Cyberlindnera saturnus	0.2117	1	0.2362	0.7638	0.382236111111111
Humus	Mrakia gelida	0.2137	1	0.2393	0.7607	0.384875314861461
Fungus	Scheffersomyces shehatae	0.2206	1	0.244	0.756	0.396304020100503
Fungus	Lachancea thermotolerans/quebecensis	0.2276	1	0.2489	0.7511	0.407854636591479
Fungus	Rhodotorula glutinis	0.2303	1	0.2517	0.7483	0.41166125
Sap	Hanseniaspora uvarum	0.2312	1	0.258	0.742	0.412239401496259
Duff	Lecythophora sp.	0.2345	1	0.2614	0.7386	0.415903465346535
Flower/Leaves	Cystofilobasidium capitatum	0.2349	1	0.2594	0.7406	0.415903465346535
Soil/Bark	Mrakia sp.	0.235	1	0.2602	0.7398	0.415903465346535
Moss	Mrakia gelida	0.2371	2	0.9319	1.0681	0.418583950617284
Flower	Metschnikowia pulcherrima sp. complex	0.2407	1	0.2705	0.7295	0.423892857142857
Leaves	Mrakiella aquatica	0.2433	1	0.2662	0.7338	0.42620293398533
Plant Matter	Candida boleticola	0.2434	1	0.2681	0.7319	0.42620293398533
Moss	Teunomyces cretensis/kruisii complex	0.2438	1	0.277	0.723	0.42620293398533
Soil/Plant Matter	Candida sake	0.2466	1	0.279	0.721	0.429520631067961
Leaves	Hanseniaspora sp.	0.2469	1	0.2701	0.7299	0.429520631067961
Leaves	Candida germanica	0.2475	1	0.2729	0.7271	0.429520631067961
Leaves	Kwoniella betulae	0.2514	1	0.2769	0.7231	0.435232445520581
Duff	Cystofilobasidium capitatum	0.2526	4	2.5504	1.4496	0.43589156626506
Soil	Cyberlindnera culbertsonii	0.253	2	0.9744	1.0256	0.43589156626506
Fruit	Mrakiella cryoconiti	0.255	1	0.283	0.717	0.437401678657074
Bark	Debaryomyces hansenii	0.2551	3	1.7914	1.2086	0.437401678657074
Bark	Cystofilobasidium infirmominatum	0.2572	2	0.9813	1.0187	0.439044047619048
Moss	Lachancea fermentati	0.2575	1	0.2954	0.7046	0.439044047619048
Fruit	Metschnikowia reukaufii	0.2579	1	0.2874	0.7126	0.439044047619048
Flotsam	Torulaspora delbrueckii	0.2594	1	0.2885	0.7115	0.439843601895735
Bark	Nakazawaea anatomiae/populi sp. complex	0.2596	3	1.7978	1.2022	0.439843601895735
Bark	Yamadazyma mexicana	0.2613	2	0.9907	1.0093	0.441478773584906
Plant Matter	Leucosporidium scottii	0.2618	1	0.2996	0.7004	0.441478773584906
Plant Matter	Nakazawaea anatomiae/populi sp. complex	0.265	1	0.3026	0.6974	0.445823529411765
Leaves	Aureobasidium pullulans	0.267	2	1.0019	0.9981	0.448133802816901
Fruit	Metschnikowia viticola	0.2678	1	0.2987	0.7013	0.448423887587822
Plant Matter	Cryptococcus flavescens	0.287	1	0.3291	0.6709	0.479166666666667
Moss	Hanseniaspora uvarum	0.2875	2	1.0528	0.9472	0.479166666666667
Sand	Lachancea fermentati	0.2918	1	0.3354	0.6646	0.485202325581395
Soil	Kluyveromyces dobzhanskii	0.2949	7	5.4982	1.5018	0.489219257540603
Leaves	Pichia fermentans	0.297	2	1.0853	0.9147	0.491438940092166
Leaves/Bark	Mrakia sp.	0.2979	1	0.3479	0.6521	0.491438940092166
Leaves	Pichia manshurica	0.2983	2	1.0897	0.9103	0.491438940092166
Fruit	Metschnikowia pulcherrima sp. complex	0.3011	5	3.6478	1.3522	0.494911494252874
Flower	Cystofilobasidium capitatum	0.3095	1	0.3605	0.6395	0.499280383795309
Needles	Kazachstania martiniae	0.3097	1	0.3669	0.6331	0.499280383795309
Soil/Plant Matter	Mrakia gelida	0.3129	1	0.3675	0.6325	0.499280383795309
Sand	Meyerozyma caribbica	0.315	1	0.371	0.629	0.499280383795309
Soil	Leucosporidium drummii	0.3161	1	0.3161	0.6839	0.499280383795309
Soil	Cystofilobasidium mecerans	0.3163	1	0.3163	0.6837	0.499280383795309
Soil	Rhodotorula nothofagii	0.3172	1	0.3172	0.6828	0.499280383795309
Soil	Scheffersomyces stipitis	0.3174	1	0.3174	0.6826	0.499280383795309
Soil	Candida jaroonii	0.3177	1	0.3177	0.6823	0.499280383795309
Soil	Kazachstania aerobia	0.3177	1	0.3177	0.6823	0.499280383795309
Soil	Phenoliferia glacialis	0.3185	1	0.3185	0.6815	0.499280383795309
Soil	Kloeckera lindneri	0.319	1	0.319	0.681	0.499280383795309
Wood	Torulaspora delbrueckii	0.319	2	1.152	0.848	0.499280383795309
Leaves	Candida norvegica	0.3191	1	0.3665	0.6335	0.499280383795309
Needles	Candida railenensis	0.3191	1	0.3784	0.6216	0.499280383795309
Soil	Vanrija musci	0.3193	1	0.3193	0.6807	0.499280383795309
Soil	Cryptococcus heveanensis	0.3194	1	0.3194	0.6806	0.499280383795309
Soil	Trichosporon xylopini	0.3195	1	0.3195	0.6805	0.499280383795309
Leaves	Rhodotorula mucilaginosa	0.3198	1	0.3656	0.6344	0.499280383795309
Soil	Aureobasidium sp.	0.32	1	0.32	0.68	0.499280383795309
Soil	Candida friedrichii	0.3203	1	0.3203	0.6797	0.499280383795309
Soil	Solicoccozyma aeria	0.3217	1	0.3217	0.6783	0.499280383795309
Leaves	Metschnikowia pulcherrima sp. complex	0.3228	6	4.652	1.348	0.499280383795309
Soil	Rhodotorula paludigena	0.3229	1	0.3229	0.6771	0.499280383795309
Soil	Cryptococcus podzolicus	0.3233	1	0.3233	0.6767	0.499280383795309
Soil	Kluyveromyces lactis	0.3239	10	8.4417	1.5583	0.499280383795309
Soil	Candida pseudorhagii	0.3242	1	0.3242	0.6758	0.499280383795309
Soil	Mrakia aquatica	0.3243	1	0.3243	0.6757	0.499280383795309
Soil	Lachancea thermotolerans	0.3245	14	12.2903	1.7097	0.499280383795309
Soil	Ogataea sp.	0.3255	1	0.3255	0.6745	0.499280383795309
Soil	Cryptococcus tahquamenonensis	0.3262	1	0.3262	0.6738	0.499280383795309
Twigs	Candida railenensis	0.3268	1	0.3913	0.6087	0.499280383795309
Soil	Caulerpa cupressoides	0.3274	1	0.3274	0.6726	0.499280383795309
Plant Matter	Kazachstania martiniae	0.3275	2	1.1734	0.8266	0.499280383795309
Soil	Nakazawaea sp.	0.3289	1	0.3289	0.6711	0.500347872340426
Plant Matter	Kluyveromyces marxianus	0.33	1	0.3912	0.6088	0.500955414012739
Soil	Trichosporon asahii	0.3319	1	0.3319	0.6681	0.502772245762712
Soil	Rhodosporidiobolus poonsookiae	0.3351	1	0.3351	0.6649	0.506546511627907
Soil	Candida melibiosica	0.3363	1	0.3363	0.6637	0.506822105263158
Wood	Lachancea thermotolerans	0.3367	1	0.4021	0.5979	0.506822105263158
Bark	Teunomyces carpophila	0.3393	2	1.1808	0.8192	0.50782949790795
Twigs	Lachancea thermotolerans	0.3393	1	0.4086	0.5914	0.50782949790795
Soil	Cystofilobasidium capitatum	0.3395	24	21.9541	2.0459	0.50782949790795
Wood	Candida sake	0.3426	1	0.4131	0.5869	0.511396659707725
Bark	Cryptococcus gastricus	0.3444	2	1.2003	0.7997	0.5130125
Bark	Sugiyamaella lignohabitans	0.3484	1	0.3867	0.6133	0.517891891891892
Bark	Coniochaeta ligniaria	0.3494	1	0.383	0.617	0.518300829875519
Bark	Ogataea naganishii	0.3527	1	0.388	0.612	0.520949588477366
Bark	Leucosporidium fellii	0.3535	1	0.3896	0.6104	0.520949588477366
Fruit/Leaves	Candida railenensis	0.354	1	0.4275	0.5725	0.520949588477366
Plant Matter	Scheffersomyces ergatensis	0.3541	1	0.4247	0.5753	0.520949588477366
Bark	Cryptococcus surugaensis	0.3549	1	0.3914	0.6086	0.521054414784394
Bark	Ambrosiozyma oregonensis	0.3563	1	0.3943	0.6057	0.521717479674797
Fungus	Candida santamariae	0.3581	1	0.4292	0.5708	0.521717479674797
Bark	Lachancea waltii	0.3584	1	0.3998	0.6002	0.521717479674797
Moss	Cystofilobasidium capitatum	0.3586	2	1.2594	0.7406	0.521717479674797
Duff	Pichia manshurica	0.359	1	0.4357	0.5643	0.521717479674797
Bark	Candida sake	0.3649	9	7.7347	1.2653	0.529216024340771
Fruit	Rhodotorula fujisanensis	0.367	1	0.4358	0.5642	0.530483870967742
Duff	Pichia fermentans	0.3676	1	0.449	0.551	0.530483870967742
Duff	Kluyveromyces marxianus	0.368	1	0.4425	0.5575	0.530483870967742
Leaves	Pichia kluyveri	0.369	1	0.4397	0.5603	0.530855130784708
Fruit	Cystofilobasidium capitatum	0.3701	6	4.9218	1.0782	0.531368473895582
Pine Cone	Candida railenensis	0.3714	1	0.4525	0.5475	0.532166332665331
Fruit	Rhodosporidiobolus colostri	0.3735	1	0.4436	0.5564	0.533116533864542
Needles	Saccharomyces paradoxus	0.3736	1	0.4577	0.5423	0.533116533864542
Nut	Lachancea thermotolerans	0.3743	1	0.4596	0.5404	0.533116533864542
Leaves	Candida boidinii	0.3755	1	0.4501	0.5499	0.533762425447316
Soil	Rhodotorula mucilaginosa	0.3859	2	1.2917	0.7083	0.547457341269841
Bark	Nakazawaea holstii	0.3874	4	3.1449	0.8551	0.54849702970297
Soil	Scheffersomyces shehatae	0.3917	2	1.2998	0.7002	0.553489130434783
Sand	Cyberlindnera saturnus	0.3968	1	0.4938	0.5062	0.559589743589744
Soil	Candida norvegica	0.3983	2	1.3148	0.6852	0.559638506876228
Soil	Vanrija humicola	0.3984	3	2.2508	0.7492	0.559638506876228
Duff	Scheffersomyces ergatensis	0.3993	1	0.492	0.508	0.559802941176471
Soil	Mrakia frigida	0.4046	3	2.2641	0.7359	0.5651572265625
Soil/Plant Matter	Cystofilobasidium capitatum	0.4047	1	0.5026	0.4974	0.5651572265625
Soil/Grass	Torulaspora delbrueckii	0.4072	1	0.5026	0.4974	0.567539961013645
Soil	Candida santamariae	0.409	3	2.2714	0.7286	0.568939688715953
Fruit	Candida pseudolambica	0.4169	1	0.5145	0.4855	0.578802912621359
Plant Matter	Nakazawaea holstii	0.4181	1	0.5303	0.4697	0.579343992248062
Bark	Barnettozyma californica	0.419	2	1.3921	0.6079	0.579468085106383
Duff	Lachancea thermotolerans	0.4205	2	1.4124	0.5876	0.580419884169884
Twigs	Metschnikowia pulcherrima sp. complex	0.4221	1	0.5415	0.4585	0.581505780346821
Plant Matter	Saccharomyces paradoxus	0.423	2	1.4354	0.5646	0.581625
Leaves	Hanseniaspora uvarum	0.4247	6	5.2032	0.7968	0.582841650671785
Soil	Lachancea fermentati	0.4277	6	5.2112	0.7888	0.58583429118774
Leaves	Hanseniaspora osmophila	0.4301	1	0.5352	0.4648	0.587995219885277
Fungus	Leucosporidium scottii	0.4332	1	0.5498	0.4502	0.591103053435114
Duff	Teunomyces cretensis/kruisii complex	0.4344	1	0.5591	0.4409	0.591611428571429
Soil/Plant Matter	Mrakia sp.	0.436	1	0.5544	0.4456	0.592661596958175
Leaves	Teunomyces carpophila	0.4415	1	0.5523	0.4477	0.598541666666667
Plant Matter	Kluyveromyces dobzhanskii	0.442	1	0.5737	0.4263	0.598541666666667
Leaves	Rhodosporidiobolus colostri	0.4457	1	0.5535	0.4465	0.602411153119093
Fruit	Hanseniaspora vineae	0.4487	2	1.5056	0.4944	0.605321698113208
Duff	Wickerhamomyces anomalus	0.4516	1	0.5927	0.4073	0.608086629001883
Lichen	Torulaspora delbrueckii	0.4539	1	0.5746	0.4254	0.61003477443609
Fruit	Saccharomyces cerevisiae	0.4619	2	1.5253	0.4747	0.619621951219512
Bark	Mrakia sp.	0.4697	16	15.3049	0.6951	0.628905430711611
Nut	Metschnikowia pulcherrima sp. complex	0.4744	1	0.6276	0.3724	0.633455637707948
Soil	Mrakia gelida	0.475	17	16.4034	0.596599999999999	0.633455637707948
Plant Matter	Curvibasidium cygneicollum	0.4764	1	0.6331	0.3669	0.633455637707948
Pine Cone	Metschnikowia pulcherrima sp. complex	0.4777	1	0.6355	0.3645	0.633455637707948
Bark	Candida germanica	0.4785	1	0.5941	0.4059	0.633455637707948
Bark	Candida savonica	0.4786	1	0.5876	0.4124	0.633455637707948
Bark	Nakazawaea molendini-olei	0.4793	1	0.5862	0.4138	0.633455637707948
Bark	Metschnikowia sp.	0.482	1	0.5879	0.4121	0.635848708487085
Bark	Mrakiella aquatica	0.4853	1	0.5949	0.4051	0.639023020257827
Fruit	Leotiomycetes sp.	0.4869	1	0.6472	0.3528	0.639951286764706
Leaves	Mrakia frigida	0.4905	1	0.6369	0.3631	0.6435
Leaves	Pichia kudriavzevii	0.4937	1	0.6492	0.3508	0.646511904761905
Fruit	Cryptococcus sp.	0.4948	1	0.6539	0.3461	0.646767824497258
Fruit/Leaves	Hanseniaspora uvarum	0.4977	1	0.6748	0.3252	0.649360655737705
Duff	Meyerozyma caribbica	0.4986	1	0.6761	0.3239	0.649360655737705
Plant Matter	Saccharomyces cerevisiae	0.5052	1	0.6873	0.3127	0.65676
Plant Matter	Hanseniaspora vineae	0.5123	1	0.7021	0.2979	0.664781306715064
Soil	Geotrichum candidum	0.514	2	1.6058	0.3942	0.665778985507246
Moss	Candida sake	0.5158	1	0.7136	0.2864	0.666902350813743
Seed	Torulaspora delbrueckii	0.5189	1	0.7146	0.2854	0.668621621621622
Fruit	Tausonia pullulans	0.519	1	0.7101	0.2899	0.668621621621622
Leaves	Candida boleticola	0.5305	1	0.7165	0.2835	0.68220773381295
Soil	Candida parapsilosis	0.5336	1	0.6296	0.3704	0.682843915343915
Soil	Kwoniella heveanensis	0.5344	1	0.6363	0.3637	0.682843915343915
Soil	Zygosaccharomyces florentinus	0.5344	1	0.6364	0.3636	0.682843915343915
Fungus	Mrakia blollopis	0.5365	1	0.7334	0.2666	0.682843915343915
Soil	Pichia terricola	0.5378	1	0.6407	0.3593	0.682843915343915
Soil	Sugiyamaella paludigena	0.5383	1	0.6446	0.3554	0.682843915343915
Soil	Mrakia robertii	0.5387	1	0.6441	0.3559	0.682843915343915
Soil	Groenewaldozyma salmanticensis	0.5395	1	0.635	0.365	0.682843915343915
Bark	Curvibasidium cygneicollum	0.5401	4	3.7778	0.2222	0.682843915343915
Soil	Cryptococcus pseudolongus	0.5406	1	0.6464	0.3536	0.682843915343915
Plant Matter	Cyberlindnera saturnus	0.5415	1	0.7714	0.2286	0.682843915343915
Soil	Goffeauzyma gastrica	0.5455	1	0.6496	0.3504	0.685197898423818
Soil	Naganishia albida	0.5457	1	0.6504	0.3496	0.685197898423818
Soil	Vanrija albida	0.5465	1	0.6492	0.3508	0.685197898423818
Fungus	Pichia manshurica	0.5472	1	0.7569	0.2431	0.685197898423818
Soil	Starmerella bombicola	0.5483	1	0.6557	0.3443	0.685229094076655
Soil	Pueraria montana	0.5498	1	0.6597	0.3403	0.685229094076655
Soil	Lachancea waltii	0.5501	1	0.6514	0.3486	0.685229094076655
Soil	Meyerozyma caribbica	0.5535	6	5.8161	0.1839	0.688265217391304
Duff	Mrakia sp.	0.5566	3	2.8705	0.1295	0.690012110726643
Twigs	Mrakia sp.	0.5576	1	0.8019	0.1981	0.690012110726643
Sand	Lachancea thermotolerans	0.5578	1	0.7969	0.2031	0.690012110726643
Sand	Candida sake	0.5609	1	0.8079	0.1921	0.692648531951641
Bark	Cryptococcus sp.	0.5659	2	1.7975	0.2025	0.697618103448276
Plant Matter	Hanseniaspora uvarum	0.5763	2	1.9054	0.0946	0.709216006884682
Duff	Mrakia gelida	0.5781	2	1.904	0.0960000000000001	0.710208762886598
Soil	Cryptococcus sp.	0.5825	3	2.8651	0.1349	0.713408390410959
Bark	Scheffersomyces shehatae	0.5827	1	0.7936	0.2064	0.713408390410959
Bark	Lachancea thermotolerans/quebecensis	0.584	1	0.7847	0.2153	0.713777777777778
Bark	Candida norvegica	0.5861	1	0.7888	0.2112	0.714393039049236
Bark	Schizosaccharomyces japonicus	0.5876	1	0.7886	0.2114	0.714393039049236
Bark	Candida railenensis	0.588	7	7.126	-0.126	0.714393039049236
Bark	Candida tropicalis	0.5885	1	0.7968	0.2032	0.714393039049236
Leaves	Hanseniaspora vineae	0.5945	2	1.9357	0.0643	0.720453389830509
Bark	Mrakiella cryoconiti	0.5998	1	0.8149	0.1851	0.724782939189189
Sand	Saccharomyces paradoxus	0.6001	1	0.8996	0.1004	0.724782939189189
Fruit/Leaves	Mrakia sp.	0.606	1	0.8973	0.1027	0.730674536256324
Moss	Torulaspora delbrueckii	0.6084	2	2.0088	-0.00879999999999992	0.732333333333333
Leaves	Saccharomyces eubayanus	0.6104	1	0.9003	0.0997	0.733505882352941
Bark	Cryptococcus flavescens	0.6207	2	1.9724	0.0276000000000001	0.744631711409396
Nut	Mrakia sp.	0.6274	1	0.9588	0.0412	0.751408710217755
Soil	Rhodosporidiobolus colostri	0.6285	2	1.9321	0.0679000000000001	0.751467391304348
Duff	Kluyveromyces lactis	0.6298	1	0.9657	0.0343	0.751764607679466
Soil	Hanseniaspora osmophila	0.6345	2	1.9475	0.0525	0.7561125
Pine Cone	Mrakia sp.	0.6366	1	0.9736	0.0264	0.757352745424293
Bark	Lachancea fermentati	0.6428	3	3.1757	-0.1757	0.763458471760797
Leaves	Lachancea kluyveri	0.6586	2	2.1851	-0.1851	0.780927031509121
Fungus	Rhodotorula nothofagi	0.6619	1	1.0477	-0.0477000000000001	0.783540562913907
Bark	Candida sp.	0.6682	2	2.168	-0.168	0.789690909090909
Bark	Aureobasidium pullulans	0.6773	2	2.1859	-0.1859	0.798632619439868
Soil	Saccharomyces eubayanus	0.678	3	3.2454	-0.2454	0.798632619439868
Soil	Zygowilliopsis californica	0.688	1	0.9698	0.0302	0.803330357142857
Soil	Kodamaea meredithiae	0.6881	1	0.9651	0.0349	0.803330357142857
Soil	Candida inconspicua	0.6889	1	0.9739	0.0261	0.803330357142857
Soil	Scheffersomyces spartinae	0.6893	1	0.9687	0.0313	0.803330357142857
Soil	Nakazawaea molendini-olei	0.6902	1	0.9681	0.0319	0.803330357142857
Soil	Candida savonica	0.6904	1	0.9711	0.0289	0.803330357142857
Soil	Metschnikowia sp.	0.6904	1	0.9747	0.0253	0.803330357142857
Twigs	Torulaspora delbrueckii	0.692	1	1.1304	-0.1304	0.803330357142857
Soil	Pichia sp.	0.6921	1	0.9731	0.0269	0.803330357142857
Leaves	Candida sake	0.6974	3	3.5431	-0.5431	0.804231078904992
Sand	Hanseniaspora uvarum	0.6976	1	1.1863	-0.1863	0.804231078904992
Soil	Lachancea kluyveri	0.6982	7	7.7183	-0.7183	0.804231078904992
Soil	Mrakiella aquatica	0.6983	1	0.9819	0.0181	0.804231078904992
Soil	Schwanniomyces vanrijiae	0.6985	1	0.9759	0.0241	0.804231078904992
Needles	Torulaspora delbrueckii	0.7016	1	1.1455	-0.1455	0.806501607717042
Leaves	Kluyveromyces lactis	0.7069	2	2.3679	-0.3679	0.810447916666667
Plant Matter	Candida railenensis	0.7073	1	1.1966	-0.1966	0.810447916666667
Leaves	Trichosporon porosum	0.7145	1	1.2046	-0.2046	0.817388
Bark	Cystofilobasidium capitatum	0.7194	12	13.4072	-1.4072	0.820434126984127
Soil	Lecythophora sp.	0.7217	2	2.2659	-0.2659	0.820434126984127
Plant Matter	Torulaspora delbrueckii	0.7218	3	3.6586	-0.6586	0.820434126984127
Bark	Mrakia blollopis	0.7226	2	2.3733	-0.3733	0.820434126984127
Fruit	Mrakia gelida	0.7229	3	3.6622	-0.6622	0.820434126984127
Bark	Rhodotorula fujisanensis	0.729	1	1.1749	-0.1749	0.826045958795563
Bark	Schwanniomyces polymorphus	0.7365	1	1.1962	-0.1962	0.830413385826772
Plant Matter	Candida sake	0.737	1	1.3131	-0.3131	0.830413385826772
Bark	Schwanniomyces pseudopolymorphus	0.7374	1	1.1878	-0.1878	0.830413385826772
Fungus	Hanseniaspora vineae	0.7375	1	1.3021	-0.3021	0.830413385826772
Duff	Candida railenensis	0.7509	1	1.3582	-0.3582	0.844172169811321
Fungus	Saccharomyces paradoxus	0.7564	2	2.6536	-0.6536	0.849020408163265
Bark	Trichosporon porosum	0.761	2	2.5783	-0.5783	0.852844827586207
Leaves	Teunomyces cretensis/kruisii complex	0.764	1	1.3688	-0.3688	0.854866979655712
Soil	Teunomyces cretensis/kruisii complex	0.7664	4	4.8338	-0.8338	0.856103744149766
Sand	Cystofilobasidium capitatum	0.7675	1	1.4207	-0.4207	0.856103744149766
Fruit	Lachancea thermotolerans	0.77	2	2.7219	-0.7219	0.857554517133956
Duff	Candida sake	0.7766	1	1.4573	-0.4573	0.863483128834356
Fruit	Candida sake	0.7785	2	2.777	-0.777	0.863483128834356
Bark	Saccharomyces paradoxus	0.781	7	8.5199	-1.5199	0.863483128834356
Fungus	Lachancea kluyveri	0.7829	1	1.4857	-0.4857	0.863483128834356
Leaves	Nakazawaea holstii	0.7851	1	1.4547	-0.4547	0.863483128834356
Leaves	Wickerhamomyces anomalus	0.7856	1	1.4765	-0.4765	0.863483128834356
Soil	Candida albicans	0.786	1	1.2803	-0.2803	0.863483128834356
Duff	Torulaspora delbrueckii	0.787	3	4.0819	-1.0819	0.863483128834356
Bark	Candida pseudolambica	0.7873	1	1.3875	-0.3875	0.863483128834356
Bark	Vanrija humicola	0.7874	1	1.3764	-0.3764	0.863483128834356
Soil	Pichia membranifaciens	0.7887	2	2.5907	-0.5907	0.863584226646248
Soil	Lachancea thermotolerans/quebecensis	0.7912	1	1.29	-0.29	0.864996941896024
Bark	Lecythophora sp.	0.7948	1	1.3889	-0.3889	0.865726788432268
Bark	Lachancea thermotolerans	0.7953	6	7.5277	-1.5277	0.865726788432268
Soil	Schizosaccharomyces japonicus	0.7955	1	1.2954	-0.2954	0.865726788432268
Soil	Pichia manshurica	0.7997	3	3.8669	-0.8669	0.868974924012158
Leaves	Kluyveromyces dobzhanskii	0.8049	1	1.5571	-0.5571	0.87329817905918
Sand	Mrakia sp.	0.8117	1	1.6169	-0.6169	0.878444024205749
Soil	Wickerhamomyces anomalus	0.8121	4	5.1652	-1.1652	0.878444024205749
Duff	Saccharomyces paradoxus	0.8137	1	1.6003	-0.6003	0.878845166163142
Fungus	Kluyveromyces lactis	0.8152	1	1.613	-0.613	0.879137254901961
Bark	Mrakia gelida	0.8258	8	10.1587	-2.1587	0.889227409638554
Bark	Candida boleticola	0.8284	1	1.591	-0.591	0.890685714285714
Bark	Kazachstania servazzii	0.8306	1	1.5812	-0.5812	0.890694902548726
Plant Matter	Mrakia gelida	0.8309	1	1.7155	-0.7155	0.890694902548726
Plant Matter	Metschnikowia pulcherrima sp. complex	0.8337	1	1.7242	-0.7242	0.891935820895522
Fungus	Mrakia gelida	0.8354	2	3.1585	-1.1585	0.891935820895522
Bark	Pichia membranifaciens	0.8358	1	1.5834	-0.5834	0.891935820895522
Fruit	Lachancea kluyveri	0.8377	1	1.7388	-0.7388	0.892631147540984
Soil	Cystofilobasidium infirmominatum	0.851	1	1.6131	-0.6131	0.905453869047619
Soil	Candida pseudoglaebosa	0.8541	1	1.5914	-0.5914	0.907401931649331
Soil	Yamadazyma mexicana	0.856	1	1.6083	-0.6083	0.908071216617211
Duff	Metschnikowia pulcherrima sp. complex	0.8616	1	1.9064	-0.9064	0.911413461538462
Soil	Hanseniaspora vineae	0.8617	5	6.7892	-1.7892	0.911413461538462
Bark	Leucosporidium scottii	0.865	1	1.7926	-0.7926	0.913552437223043
Leaves	Saccharomyces cerevisiae	0.8675	1	1.9143	-0.9143	0.914841445427729
Leaves	Lachancea thermotolerans	0.8753	2	3.4557	-1.4557	0.92170765832106
Bark	Rhodotorula nothofagi	0.8786	2	3.3508	-1.3508	0.92382205882353
Soil	Tausonia pullulans	0.8867	2	3.2498	-1.2498	0.930969897209985
Soil	Metschnikowia pulcherrima sp. complex	0.8902	13	16.4893	-3.4893	0.932326500732064
Duff	Hanseniaspora uvarum	0.8906	1	2.1382	-1.1382	0.932326500732064
Fungus	Kazachstania martiniae	0.8958	1	2.172	-1.172	0.936399122807018
Soil	Rhodotorula fujisanensis	0.9013	1	1.9303	-0.9303	0.94077299270073
Fungus	Candida railenensis	0.9032	1	2.2101	-1.2101	0.941052401746725
Soil	Cryptococcus victoriae	0.9042	1	1.9284	-0.9284	0.941052401746725
Fungus	Lachancea thermotolerans	0.9132	1	2.3586	-1.3586	0.949037790697674
Fungus	Candida sake	0.9192	1	2.4162	-1.4162	0.95388679245283
Plant Matter	Mrakia sp.	0.9284	1	2.5663	-1.5663	0.959951798561151
Leaves	Mrakia sp.	0.929	4	7.0187	-3.0187	0.959951798561151
Fungus	Cystofilobasidium capitatum	0.931	2	4.1838	-2.1838	0.959951798561151
Bark	Pichia fermentans	0.9331	1	2.404	-1.404	0.959951798561151
Bark	Pichia manshurica	0.9331	1	2.3903	-1.3903	0.959951798561151
Fruit	Kazachstania martiniae	0.9331	1	2.5348	-1.5348	0.959951798561151
Fruit	Candida railenensis	0.936	1	2.618	-1.618	0.961095408895265
Soil	Kluyveromyces marxianus	0.9369	2	3.8753	-1.8753	0.961095408895265
Soil	Pichia fermentans	0.9387	2	3.8581	-1.8581	0.961562320916906
Fungus	Mrakia sp.	0.9591	2	4.7597	-2.7597	0.981053648068669
Bark	Cyberlindnera saturnus	0.9614	2	4.5603	-2.5603	0.982001428571429
Fruit	Torulaspora delbrueckii	0.9642	4	7.8852	-3.8852	0.983456490727532
Bark	Wickerhamomyces anomalus	0.9693	1	3.1581	-2.1581	0.9871875
Leaves	Candida railenensis	0.9719	1	3.2925	-2.2925	0.9871875
Soil	Leucosporidium scottii	0.972	1	2.9094	-1.9094	0.9871875
Soil	Cryptococcus flavescens	0.9781	1	3.2159	-2.2159	0.991973758865248
Bark	Meyerozyma caribbica	0.9817	1	3.5908	-2.5908	0.994214589235128
Leaves	Saccharomyces paradoxus	0.9844	1	3.8982	-2.8982	0.994233757062147
Soil	Nakazawaea holstii	0.9845	2	5.1901	-3.1901	0.994233757062147
Soil	Rhodotorula nothofagi	0.9892	2	5.5098	-3.5098	0.997571227080395
Fungus	Torulaspora delbrueckii	0.9933	2	6.728	-4.728	0.99939099859353
Bark	Hanseniaspora uvarum	0.9938	5	11.3236	-6.3236	0.99939099859353
Soil	Curvibasidium cygneicollum	0.9993	1	6.1242	-5.1242	1
Bark	Kazachstania martiniae	0.9997	1	6.9156	-5.9156	1
Leaves	Torulaspora delbrueckii	0.9998	2	9.9319	-7.9319	1
Soil	Hanseniaspora uvarum	1	7	18.3653	-11.3653	1
